Program Time [s],data 0,on/off
2.74979,3654,0
2.75605,3643,0
2.7622,3634,0
2.76847,3628,0
2.77473,3617,0
2.78099,3622,0
2.78726,3606,0
2.79347,3598,0
2.79975,3582,0
2.80598,3573,0
2.81226,3570,0
2.81856,3568,0
2.82476,3554,0
2.831,3543,0
2.83726,3541,0
2.84349,3537,0
2.84976,3527,0
2.85599,3519,0
2.86222,3751,0
2.86849,3742,0
2.87474,3728,0
2.88102,3726,0
2.88727,3717,0
2.89349,3698,0
2.89973,3696,0
2.90602,3685,0
2.91222,3673,0
2.9185,3676,0
2.92476,3659,0
2.93099,3655,0
2.93724,3648,0
2.94349,3638,0
2.94978,3637,0
2.95599,3631,0
2.96223,3621,0
2.96848,3613,0
2.97473,3604,0
2.98099,3596,0
2.98727,3597,0
2.9935,3580,0
2.99974,3568,0
3.00598,3553,0
3.01222,3540,0
3.01848,3536,0
3.02474,3523,0
3.03098,3522,0
3.03724,3508,0
3.04349,3500,0
3.04977,3492,0
3.056,3485,0
3.06223,3478,0
3.06855,3471,0
3.07473,3459,0
3.08101,3450,0
3.08726,3449,0
3.09348,3440,0
3.09973,3440,0
3.10596,3415,0
3.11222,3694,0
3.11849,3691,0
3.12473,3683,0
3.13101,3671,0
3.13723,3663,0
3.14348,3655,0
3.14973,3637,0
3.15599,3633,0
3.16222,3632,0
3.16849,3622,0
3.17473,3610,0
3.18097,3605,0
3.1872,3600,0
3.1935,3593,0
3.1997,3575,0
3.20595,3562,0
3.21221,3568,0
3.21847,3550,0
3.22473,3555,0
3.23095,3539,0
3.23721,3657,0
3.24349,3647,0
3.24973,3641,0
3.256,3633,0
3.26222,3622,0
3.26855,3612,0
3.2747,3609,0
3.28103,3597,0
3.28729,3591,0
3.29349,3583,0
3.29973,3568,0
3.30598,3568,0
3.31224,3556,0
3.31857,3541,0
3.32472,3536,0
3.33093,3519,0
3.33722,3520,0
3.3435,3517,0
3.34973,3504,0
3.35595,3495,0
3.36222,3545,0
3.36847,3543,0
3.37471,3534,0
3.38099,3529,0
3.3872,3522,0
3.39344,3515,0
3.39971,3505,0
3.40598,3503,0
3.4122,3488,0
3.41845,3487,0
3.4247,3478,0
3.43098,3472,0
3.43722,3467,0
3.44349,3457,0
3.44971,3453,0
3.45598,3440,0
3.46217,3437,0
3.46845,3433,0
3.47474,3427,0
3.48095,3418,0
3.48721,3541,0
3.49353,3542,0
3.4997,3532,0
3.50594,3521,0
3.51222,3515,0
3.5185,3510,0
3.5247,3503,0
3.53095,3491,0
3.53722,3485,0
3.54345,3477,0
3.54971,3474,0
3.55599,3467,0
3.56222,3462,0
3.56849,3456,0
3.57472,3447,0
3.58093,3439,0
3.5872,3439,0
3.59346,3426,0
3.59972,3422,0
3.60594,3414,0
3.6122,3462,0
3.6185,3457,0
3.62475,3451,0
3.63096,3441,0
3.63719,3434,0
3.64349,3428,0
3.64968,3421,0
3.65595,3412,0
3.66221,3401,0
3.66843,3401,0
3.67473,3394,0
3.68098,3386,0
3.68721,3378,0
3.69349,3376,0
3.69968,3370,0
3.70594,3357,0
3.71224,3357,0
3.71849,3350,0
3.72471,3345,0
3.73094,3344,0
3.73722,3466,0
3.7435,3459,0
3.7497,3453,0
3.75593,3442,0
3.76221,3440,0
3.76847,3431,0
3.77472,3423,0
3.78094,3411,0
3.78721,3408,0
3.79349,3398,0
3.79967,3391,0
3.80594,3407,0
3.81221,3379,0
3.81845,3376,0
3.82471,3371,0
3.83095,3361,0
3.8372,3361,0
3.84348,3356,0
3.84971,3346,0
3.85594,3344,0
3.8622,3366,0
3.86849,3358,0
3.87471,3354,0
3.88094,3344,0
3.88722,3335,0
3.89347,3330,0
3.8997,3322,0
3.90594,3317,0
3.91222,3307,0
3.91849,3302,0
3.92471,3294,0
3.93105,3286,0
3.93723,3280,0
3.94353,3277,0
3.94972,3268,0
3.9559,3259,0
3.96216,3258,0
3.96848,3249,0
3.97471,3242,0
3.98095,3238,0
3.98719,3367,0
3.99348,3359,0
3.9997,3357,0
4.00593,3349,0
4.01223,3339,0
4.01848,3331,0
4.02469,3328,0
4.03096,3318,0
4.03716,3312,0
4.04345,3302,0
4.0497,3299,0
4.05595,3289,0
4.06216,3286,0
4.06853,3280,0
4.07469,3269,0
4.08094,3259,0
4.08718,3263,0
4.09345,3251,0
4.09974,3248,0
4.10594,3242,0
4.11218,3332,0
4.11845,3327,0
4.12468,3323,0
4.13095,3317,0
4.13717,3311,0
4.14348,3301,0
4.14966,3299,0
4.15603,3295,0
4.16222,3283,0
4.16846,3280,0
4.17468,3276,0
4.18089,3271,0
4.18717,3265,0
4.19345,3261,0
4.19969,3259,0
4.20595,3241,0
4.21217,3245,0
4.21845,3233,0
4.22466,3231,0
4.23095,3227,0
4.23721,3202,0
4.24365,3200,0
4.24967,3197,0
4.25591,3188,0
4.26218,3184,0
4.26854,3179,0
4.27467,3173,0
4.28095,3167,0
4.28719,3159,0
4.29348,3157,0
4.29969,3152,0
4.306,3149,0
4.31221,3143,0
4.31848,3139,0
4.32466,3126,0
4.33093,3125,0
4.33716,3121,0
4.34351,3117,0
4.34968,3111,0
4.35596,3106,0
4.36218,3123,0
4.36846,3152,0
4.37464,3144,0
4.3809,3144,0
4.38717,3136,0
4.39353,3133,0
4.39967,3124,0
4.4059,3120,0
4.41218,3114,0
4.41851,3111,0
4.42467,3114,0
4.43095,3099,0
4.43716,3097,0
4.4435,3088,0
4.44969,3088,0
4.45594,3071,0
4.46216,3077,0
4.46848,3065,0
4.47468,3061,0
4.48094,3056,0
4.48716,3164,0
4.49349,3159,0
4.49973,3152,0
4.50591,3148,0
4.51213,3139,0
4.51844,3134,0
4.52467,3130,0
4.53093,3121,0
4.53713,3117,0
4.54354,3116,0
4.54967,3111,0
4.55591,3105,0
4.56218,3101,0
4.56844,3094,0
4.57467,3088,0
4.58089,3083,0
4.58714,3083,0
4.59351,3069,0
4.59964,3065,0
4.6059,3063,0
4.61216,3063,0
4.61862,3057,0
4.62467,3055,0
4.63092,3050,0
4.63715,3036,0
4.64344,3034,0
4.64967,3029,0
4.65591,3023,0
4.66218,3020,0
4.6685,3011,0
4.67466,3005,0
4.68092,3001,0
4.68717,2994,0
4.69344,2992,0
4.69964,2987,0
4.7059,2983,0
4.71214,2974,0
4.71843,2974,0
4.72466,2966,0
4.7309,2961,0
4.73716,3136,0
4.74348,3130,0
4.74968,3123,0
4.75594,3118,0
4.76212,3114,0
4.76849,3109,0
4.77462,3102,0
4.7809,3097,0
4.78716,3091,0
4.79347,3085,0
4.79966,3081,0
4.80589,3069,0
4.81216,3065,0
4.81844,3061,0
4.82464,3056,0
4.83089,3039,0
4.83716,3042,0
4.84346,3037,0
4.84965,3034,0
4.85591,3026,0
4.86221,2930,0
4.86845,2930,0
4.87464,2907,0
4.88089,2915,0
4.88712,2906,0
4.89345,2901,0
4.89963,2899,0
4.90587,2895,0
4.91212,2883,0
4.91849,2881,0
4.92461,2878,0
4.93087,2874,0
4.93712,2862,0
4.94348,2863,0
4.94961,2859,0
4.95589,2846,0
4.96217,2847,0
4.96853,2841,0
4.97466,2834,0
4.98089,2833,0
4.98712,2992,0
4.99347,2987,0
4.99964,2985,0
5.00589,2979,0
5.01212,2966,0
5.01849,2961,0
5.02461,2960,0
5.03089,2957,0
5.03714,2945,0
5.0435,2938,0
5.04961,2933,0
5.0559,2928,0
5.06217,2914,0
5.06848,2917,0
5.07464,2908,0
5.08089,2896,0
5.08711,2903,0
5.09346,2890,0
5.09966,2885,0
5.10586,2881,0
5.11214,2987,0
5.11844,2979,0
5.12461,2976,0
5.1309,2975,0
5.13713,2970,0
5.14349,2962,0
5.14963,2960,0
5.15586,2957,0
5.16211,2950,0
5.16844,2947,0
5.1747,2942,0
5.18085,2942,0
5.18713,2934,0
5.19348,2928,0
5.19962,2925,0
5.2059,2913,0
5.21212,2914,0
5.21845,2907,0
5.22461,2902,0
5.23091,2896,0
5.23726,2927,0
5.24343,2915,0
5.24962,2912,0
5.25589,2903,0
5.26212,2899,0
5.26843,2896,0
5.27462,2895,0
5.28086,2886,0
5.28714,2881,0
5.29348,2875,0
5.29961,2874,0
5.30589,2866,0
5.31211,2862,0
5.31848,2859,0
5.32462,2856,0
5.33087,2850,0
5.33713,2843,0
5.34348,2838,0
5.34962,2832,0
5.35589,2832,0
5.36211,2907,0
5.36849,2902,0
5.37461,2898,0
5.38085,2896,0
5.38712,2891,0
5.39348,2885,0
5.39962,2881,0
5.40585,2873,0
5.41212,2864,0
5.41848,2864,0
5.42459,2859,0
5.43086,2855,0
5.43714,2848,0
5.44345,2845,0
5.44961,2839,0
5.45588,2833,0
5.4621,2832,0
5.46846,2831,0
5.47461,2825,0
5.48089,2818,0
5.48713,2811,0
5.49345,2804,0
5.49968,2800,0
5.50585,2799,0
5.51214,2791,0
5.51848,2785,0
5.52464,2783,0
5.53085,2775,0
5.53713,2769,0
5.54365,2765,0
5.54961,2759,0
5.55588,2756,0
5.56212,2754,0
5.56846,2743,0
5.57461,2740,0
5.58082,2735,0
5.58712,2734,0
5.59348,2730,0
5.59961,2727,0
5.60586,2719,0
5.61213,2778,0
5.61844,2769,0
5.62461,2768,0
5.63086,2766,0
5.63708,2761,0
5.64347,2751,0
5.64958,2748,0
5.65585,2738,0
5.66226,2736,0
5.66848,2729,0
5.67457,2726,0
5.68089,2720,0
5.68713,2714,0
5.69348,2709,0
5.69959,2705,0
5.70588,2697,0
5.71212,2693,0
5.71852,2689,0
5.72462,2686,0
5.73085,2681,0
5.73707,2733,0
5.74348,2727,0
5.74962,2723,0
5.75585,2717,0
5.76207,2712,0
5.76846,2705,0
5.77459,2704,0
5.78085,2701,0
5.78711,2690,0
5.79346,2687,0
5.79957,2685,0
5.80586,2679,0
5.81213,2675,0
5.81848,2671,0
5.82459,2666,0
5.83086,2658,0
5.83715,2655,0
5.84348,2650,0
5.84961,2645,0
5.85584,2643,0
5.86208,2725,0
5.86836,2721,0
5.87459,2717,0
5.88084,2713,0
5.88707,2706,0
5.89346,2704,0
5.89958,2697,0
5.90581,2691,0
5.91208,2687,0
5.9185,2683,0
5.92457,2677,0
5.93084,2672,0
5.93707,2672,0
5.94344,2664,0
5.94957,2658,0
5.95586,2653,0
5.96208,2649,0
5.96845,2641,0
5.97457,2640,0
5.98086,2634,0
5.9871,2626,0
5.99348,2625,0
5.99958,2621,0
6.00584,2619,0
6.01208,2609,0
6.01846,2607,0
6.02458,2602,0
6.03084,2595,0
6.03708,2589,0
6.04355,2580,0
6.04957,2578,0
6.05585,2570,0
6.06207,2569,0
6.06846,2555,0
6.07458,2547,0
6.08086,2544,0
6.08709,2535,0
6.09347,2537,0
6.09963,2530,0
6.10584,2523,0
6.11208,2667,0
6.11837,2660,0
6.12457,2654,0
6.1308,2653,0
6.13709,2646,0
6.14337,2641,0
6.14958,2640,0
6.15581,2636,0
6.16215,2630,0
6.16838,2629,0
6.1746,2624,0
6.18082,2620,0
6.18707,2618,0
6.19346,2613,0
6.19958,2605,0
6.20586,2599,0
6.21208,2598,0
6.21836,2593,0
6.22458,2587,0
6.23088,2582,0
6.23708,2544,0
6.24337,2541,0
6.24958,2535,0
6.25585,2529,0
6.26208,2525,0
6.26836,2513,0
6.27457,2512,0
6.28081,2509,0
6.28709,2503,0
6.29336,2499,0
6.29958,2502,0
6.30581,2493,0
6.31222,2487,0
6.31836,2485,0
6.32457,2480,0
6.33081,2476,0
6.33708,2474,0
6.34337,2467,0
6.34958,2464,0
6.35581,2455,0
6.36207,2672,0
6.36838,2670,0
6.37458,2659,0
6.38085,2653,0
6.38707,2650,0
6.39345,2641,0
6.39955,2639,0
6.4058,2635,0
6.41209,2629,0
6.41836,2624,0
6.42458,2615,0
6.4308,2613,0
6.43707,2608,0
6.44337,2605,0
6.44957,2600,0
6.45581,2591,0
6.46209,2589,0
6.46838,2583,0
6.47473,2583,0
6.48087,2576,0
6.48704,2613,0
6.49337,2607,0
6.49959,2594,0
6.50581,2590,0
6.51203,2582,0
6.51837,2579,0
6.5246,2576,0
6.53081,2570,0
6.53722,2557,0
6.54337,2552,0
6.54954,2548,0
6.55583,2544,0
6.56205,2543,0
6.56838,2535,0
6.57454,2529,0
6.58082,2521,0
6.58709,2513,0
6.59337,2512,0
6.59956,2512,0
6.60583,2506,0
6.61207,2544,0
6.61836,2542,0
6.62457,2530,0
6.63081,2527,0
6.63705,2521,0
6.64336,2513,0
6.64957,2509,0
6.65582,2505,0
6.66203,2498,0
6.66835,2495,0
6.67458,2491,0
6.6808,2481,0
6.68702,2483,0
6.69329,2480,0
6.69957,2477,0
6.70581,2467,0
6.71203,2464,0
6.71837,2459,0
6.72457,2453,0
6.7308,2450,0
6.73703,2573,0
6.74335,2559,0
6.74954,2549,0
6.75581,2545,0
6.76203,2538,0
6.76837,2528,0
6.77454,2527,0
6.78094,2522,0
6.78703,2517,0
6.79337,2510,0
6.79955,2506,0
6.80582,2503,0
6.81204,2502,0
6.81836,2496,0
6.82452,2491,0
6.83081,2484,0
6.83708,2480,0
6.84332,2476,0
6.84954,2471,0
6.8558,2470,0
6.86203,2704,0
6.86836,2698,0
6.87454,2691,0
6.88082,2685,0
6.88704,2675,0
6.89327,2660,0
6.89954,2667,0
6.9058,2658,0
6.91203,2653,0
6.91836,2646,0
6.9245,2642,0
6.93076,2640,0
6.93703,2634,0
6.94326,2631,0
6.94958,2628,0
6.95577,2617,0
6.96205,2614,0
6.96871,2610,0
6.97455,2608,0
6.98078,2605,0
6.98703,2566,0
6.99337,2555,0
6.99953,2545,0
7.00581,2542,0
7.01204,2535,0
7.01827,2527,0
7.02454,2523,0
7.03078,2515,0
7.03703,2511,0
7.04326,2503,0
7.04953,2499,0
7.0558,2494,0
7.062,2489,0
7.06825,2485,0
7.07454,2481,0
7.08081,2479,0
7.08702,2470,0
7.09327,2465,0
7.09961,2459,0
7.10576,2454,0
7.11202,2745,0
7.11827,2733,0
7.12453,2738,0
7.1308,2713,0
7.13703,2717,0
7.14337,2711,0
7.14949,2704,0
7.15578,2702,0
7.16203,2694,0
7.16836,2692,0
7.17453,2684,0
7.18077,2679,0
7.18703,2672,0
7.19326,2669,0
7.19953,2666,0
7.20582,2659,0
7.21201,2656,0
7.21826,2652,0
7.22453,2643,0
7.23075,2640,0
7.237,2629,0
7.24326,2623,0
7.2495,2615,0
7.25576,2612,0
7.26203,2608,0
7.26836,2602,0
7.27453,2595,0
7.2808,2589,0
7.28701,2578,0
7.29326,2576,0
7.29953,2572,0
7.30576,2569,0
7.31201,2557,0
7.31826,2557,0
7.32453,2549,0
7.33076,2548,0
7.33704,2544,0
7.34326,2541,0
7.3495,2537,0
7.35577,2529,0
7.36203,2624,0
7.36843,2615,0
7.37449,2602,0
7.38075,2607,0
7.38701,2600,0
7.39327,2592,0
7.3995,2586,0
7.40575,2577,0
7.412,2571,0
7.41827,2559,0
7.4245,2554,0
7.43076,2546,0
7.43702,2544,0
7.44323,2541,0
7.44952,2533,0
7.45576,2532,0
7.46199,2529,0
7.46826,2522,0
7.47449,2519,0
7.48077,2518,0
7.48701,2761,0
7.49325,2752,0
7.49953,2736,0
7.50575,2743,0
7.51198,2737,0
7.51826,2735,0
7.52448,2728,0
7.53075,2719,0
7.53702,2716,0
7.54326,2709,0
7.5495,2704,0
7.55578,2699,0
7.562,2695,0
7.56825,2688,0
7.57453,2690,0
7.58076,2683,0
7.58699,2675,0
7.59323,2671,0
7.59949,2671,0
7.60578,2663,0
7.612,2614,0
7.61827,2611,0
7.6245,2608,0
7.63077,2602,0
7.637,2592,0
7.64326,2592,0
7.6495,2582,0
7.65576,2578,0
7.66198,2571,0
7.66828,2559,0
7.67448,2551,0
7.68076,2544,0
7.68698,2542,0
7.69325,2533,0
7.6995,2526,0
7.70575,2525,0
7.71203,2519,0
7.71825,2531,0
7.72453,2513,0
7.73073,2507,0
7.737,2630,0
7.74326,2631,0
7.74948,2620,0
7.75573,2614,0
7.76198,2610,0
7.76827,2603,0
7.77448,2597,0
7.78072,2592,0
7.787,2586,0
7.79327,2578,0
7.79948,2574,0
7.80576,2567,0
7.812,2556,0
7.81827,2550,0
7.82449,2549,0
7.83076,2543,0
7.83701,2546,0
7.84327,2534,0
7.84949,2528,0
7.85573,2524,0
7.86199,2655,0
7.86827,2651,0
7.87449,2645,0
7.88077,2640,0
7.88698,2640,0
7.89321,2630,0
7.89957,2625,0
7.90574,2621,0
7.91199,2610,0
7.91826,2608,0
7.92449,2602,0
7.93077,2595,0
7.93701,2590,0
7.94321,2582,0
7.94949,2577,0
7.95577,2576,0
7.96199,2567,0
7.96826,2557,0
7.97448,2555,0
7.98076,2544,0
7.98698,2638,0
7.99326,2608,0
7.99948,2625,0
8.00572,2621,0
8.01199,2615,0
8.01826,2611,0
8.02447,2607,0
8.03073,2598,0
8.03698,2592,0
8.04322,2583,0
8.04949,2576,0
8.05576,2569,0
8.06198,2554,0
8.06826,2548,0
8.07448,2545,0
8.08073,2542,0
8.08697,2533,0
8.09325,2530,0
8.09945,2527,0
8.10571,2521,0
8.11198,2619,0
8.11822,2612,0
8.1245,2608,0
8.13077,2603,0
8.13699,2599,0
8.14322,2595,0
8.1495,2586,0
8.15577,2578,0
8.162,2576,0
8.16821,2574,0
8.1745,2559,0
8.18075,2554,0
8.18697,2549,0
8.19321,2544,0
8.19948,2538,0
8.2058,2529,0
8.21198,2520,0
8.21821,2514,0
8.22449,2512,0
8.23073,2508,0
8.23698,2576,0
8.2432,2573,0
8.24948,2551,0
8.25572,2555,0
8.26199,2549,0
8.26821,2546,0
8.27449,2543,0
8.2807,2541,0
8.28698,2533,0
8.29321,2528,0
8.29948,2525,0
8.30573,2519,0
8.31199,2514,0
8.31827,2507,0
8.32449,2500,0
8.33074,2495,0
8.337,2492,0
8.34321,2482,0
8.34944,2479,0
8.35571,2474,0
8.36197,2467,0
8.36822,2461,0
8.37447,2455,0
8.38077,2451,0
8.38702,2448,0
8.39327,2443,0
8.39949,2439,0
8.40573,2433,0
8.41198,2429,0
8.41822,2419,0
8.42445,2416,0
8.43072,2411,0
8.43699,2403,0
8.44321,2399,0
8.44946,2395,0
8.45581,2388,0
8.462,2384,0
8.4682,2375,0
8.47444,2369,0
8.4807,2363,0
8.487,2437,0
8.4932,2431,0
8.49946,2419,0
8.50573,2421,0
8.512,2413,0
8.51822,2414,0
8.52448,2405,0
8.53069,2401,0
8.53699,2384,0
8.54321,2388,0
8.54943,2384,0
8.55568,2384,0
8.562,2373,0
8.56823,2368,0
8.57444,2364,0
8.58072,2356,0
8.58692,2352,0
8.5932,2347,0
8.59943,2337,0
8.60567,2332,0
8.61197,2274,0
8.61822,2269,0
8.62444,2266,0
8.6307,2259,0
8.63695,2256,0
8.64324,2250,0
8.64947,2242,0
8.6557,2240,0
8.66195,2235,0
8.66822,2226,0
8.67445,2225,0
8.68072,2221,0
8.68695,2219,0
8.69318,2209,0
8.69948,2203,0
8.70572,2192,0
8.71194,2190,0
8.71817,2181,0
8.72445,2180,0
8.73072,2172,0
8.73695,2126,0
8.74317,2122,0
8.74947,2114,0
8.75573,2110,0
8.76195,2105,0
8.7682,2100,0
8.7745,2095,0
8.78072,2090,0
8.78695,2082,0
8.79321,2074,0
8.79943,2071,0
8.80571,2066,0
8.81193,2064,0
8.8182,2059,0
8.82452,2047,0
8.8307,2047,0
8.83694,2035,0
8.84321,2032,0
8.84949,2025,0
8.8557,2019,0
8.86194,2127,0
8.86822,2117,0
8.87446,2112,0
8.88071,2107,0
8.88695,2103,0
8.89321,2097,0
8.89943,2096,0
8.9057,2091,0
8.91194,2101,0
8.91818,2059,0
8.92446,2067,0
8.93073,2071,0
8.93694,2064,0
8.94317,2060,0
8.94944,2058,0
8.9557,2053,0
8.96193,2038,0
8.96821,2034,0
8.97451,2032,0
8.98071,2026,0
8.98693,1950,0
8.99317,1943,0
8.99949,1937,0
9.00569,1931,0
9.01194,1926,0
9.01818,1925,0
9.02444,1918,0
9.03068,1915,0
9.03694,1895,0
9.04316,1898,0
9.04945,1898,0
9.05567,1889,0
9.06194,1886,0
9.0682,1881,0
9.0745,1874,0
9.08067,1872,0
9.08694,1862,0
9.09317,1862,0
9.09945,1855,0
9.10568,1844,0
9.11194,2016,0
9.1182,2012,0
9.12451,2004,0
9.13073,2003,0
9.13694,1999,0
9.14318,1995,0
9.14945,1990,0
9.15568,1984,0
9.16193,1981,0
9.1682,1971,0
9.17448,1969,0
9.18069,1968,0
9.18696,1966,0
9.19317,1958,0
9.19946,1955,0
9.20568,1951,0
9.21193,1942,0
9.21815,1941,0
9.22448,1943,0
9.23068,1934,0
9.2369,1963,0
9.24316,1958,0
9.24948,1948,0
9.25566,1947,0
9.2619,1937,0
9.26817,1934,0
9.27444,1930,0
9.28066,1927,0
9.28693,1921,0
9.29316,1911,0
9.29948,1911,0
9.30571,1909,0
9.31194,1904,0
9.3182,1898,0
9.32446,1895,0
9.33066,1886,0
9.33689,1887,0
9.34318,1879,0
9.34943,1875,0
9.35566,1872,0
9.36189,1987,0
9.36816,1983,0
9.37449,1979,0
9.38067,1968,0
9.38697,1968,0
9.39316,1965,0
9.39947,1959,0
9.40566,1951,0
9.41189,1945,0
9.41814,1938,0
9.42443,1936,0
9.43066,1930,0
9.43691,1925,0
9.44316,1921,0
9.44947,1917,0
9.45566,1913,0
9.46189,1905,0
9.46816,1904,0
9.47451,1900,0
9.48066,1893,0
9.4869,2109,0
9.49315,2101,0
9.49946,2097,0
9.50564,2091,0
9.51189,2087,0
9.51817,2081,0
9.52449,2080,0
9.53063,2070,0
9.5369,2064,0
9.54317,2065,0
9.54951,2060,0
9.55564,2054,0
9.56193,2047,0
9.56814,2041,0
9.5745,2035,0
9.58063,2033,0
9.5869,2031,0
9.59316,2022,0
9.5995,2026,0
9.60567,2016,0
9.6119,2127,0
9.61816,2123,0
9.62449,2115,0
9.63069,2112,0
9.6369,2107,0
9.64315,2101,0
9.64948,2097,0
9.65563,2095,0
9.6619,2089,0
9.66816,2082,0
9.67447,2087,0
9.68066,2071,0
9.6869,2066,0
9.69313,2064,0
9.69947,2061,0
9.7057,2057,0
9.71189,2047,0
9.71811,2039,0
9.72448,2037,0
9.73066,2036,0
9.73691,2154,0
9.74317,2146,0
9.74944,2142,0
9.75573,2137,0
9.76191,2131,0
9.76812,2127,0
9.77444,2124,0
9.78061,2116,0
9.7869,2112,0
9.79317,2108,0
9.79948,2103,0
9.80568,2095,0
9.8119,2096,0
9.81822,2087,0
9.82448,2086,0
9.83067,2082,0
9.83689,2073,0
9.84316,2074,0
9.84948,2064,0
9.85564,2060,0
9.8619,2130,0
9.86816,2128,0
9.87444,2121,0
9.88066,2113,0
9.8869,2112,0
9.89313,2106,0
9.89948,2101,0
9.90566,2097,0
9.91188,2093,0
9.91812,2089,0
9.92448,2083,0
9.93063,2078,0
9.93689,2074,0
9.94316,2070,0
9.94943,2064,0
9.95562,2064,0
9.96189,2058,0
9.96817,2055,0
9.97448,2054,0
9.98066,2043,0
9.98689,2123,0
9.99314,2118,0
9.99946,2114,0
10.0057,2109,0
10.0119,2103,0
10.0182,2099,0
10.0245,2096,0
10.0307,2087,0
10.0369,2082,0
10.0431,2077,0
10.0495,2077,0
10.0557,2068,0
10.0619,2065,0
10.0682,2063,0
10.0745,2059,0
10.0806,2053,0
10.0869,2043,0
10.0932,2037,0
10.0994,2033,0
10.1057,2032,0
10.1119,2231,0
10.1181,2224,0
10.1245,2223,0
10.1306,2222,0
10.1369,2218,0
10.1431,2210,0
10.1494,2205,0
10.1557,2202,0
10.1619,2196,0
10.1681,2192,0
10.1744,2191,0
10.1806,2186,0
10.1869,2182,0
10.1931,2181,0
10.1995,2176,0
10.2056,2178,0
10.2119,2165,0
10.2181,2159,0
10.2245,2158,0
10.2306,2155,0
10.2368,2339,0
10.2431,2326,0
10.2496,2320,0
10.2556,2320,0
10.2619,2322,0
10.2681,2315,0
10.2745,2315,0
10.2806,2309,0
10.2869,2300,0
10.2931,2298,0
10.2995,2290,0
10.3056,2288,0
10.3118,2286,0
10.3181,2283,0
10.3245,2277,0
10.3306,2271,0
10.3369,2266,0
10.3431,2265,0
10.3495,2260,0
10.3556,2256,0
10.3619,2495,0
10.3681,2490,0
10.3745,2485,0
10.3807,2480,0
10.3869,2478,0
10.3931,2473,0
10.3994,2467,0
10.4056,2463,0
10.4119,2455,0
10.4181,2451,0
10.4245,2447,0
10.4306,2446,0
10.4369,2444,0
10.4431,2439,0
10.4495,2435,0
10.4556,2432,0
10.4619,2422,0
10.4681,2419,0
10.4744,2416,0
10.4806,2416,0
10.4869,2631,0
10.4931,2624,0
10.4995,2621,0
10.5056,2614,0
10.5119,2609,0
10.5181,2605,0
10.5245,2601,0
10.5306,2596,0
10.5368,2593,0
10.5431,2588,0
10.5495,2593,0
10.5556,2578,0
10.5618,2576,0
10.5681,2574,0
10.5745,2569,0
10.5806,2558,0
10.5868,2553,0
10.5931,2549,0
10.5995,2547,0
10.6056,2544,0
10.6119,2684,0
10.6181,2677,0
10.6245,2672,0
10.6306,2671,0
10.6369,2662,0
10.6431,2657,0
10.6495,2652,0
10.6556,2640,0
10.6619,2640,0
10.6681,2640,0
10.6744,2634,0
10.6806,2629,0
10.6869,2622,0
10.6931,2622,0
10.6995,2618,0
10.7056,2612,0
10.7119,2608,0
10.7181,2607,0
10.7245,2603,0
10.7306,2596,0
10.7369,2903,0
10.7431,2896,0
10.7495,2896,0
10.7556,2887,0
10.7619,2882,0
10.7681,2876,0
10.7745,2870,0
10.7806,2869,0
10.7869,2864,0
10.7931,2858,0
10.7995,2852,0
10.8056,2848,0
10.8119,2842,0
10.8181,2837,0
10.8245,2833,0
10.8306,2830,0
10.8369,2829,0
10.8431,2823,0
10.8495,2818,0
10.8556,2815,0
10.8618,2928,0
10.8681,2930,0
10.8745,2918,0
10.8806,2909,0
10.8868,2905,0
10.8931,2903,0
10.8995,2896,0
10.9056,2893,0
10.9118,2889,0
10.9181,2883,0
10.9245,2875,0
10.9306,2871,0
10.9369,2865,0
10.9431,2864,0
10.9495,2859,0
10.9556,2853,0
10.9619,2848,0
10.9681,2843,0
10.9745,2837,0
10.9806,2834,0
10.9868,3187,0
10.9931,3186,0
10.9995,3178,0
11.0056,3170,0
11.0118,3167,0
11.0181,3163,0
11.0245,3152,0
11.0306,3148,0
11.0368,3141,0
11.0431,3135,0
11.0495,3129,0
11.0556,3122,0
11.062,3119,0
11.0681,3112,0
11.0744,3105,0
11.0806,3104,0
11.0869,3088,0
11.0931,3087,0
11.0995,3083,0
11.1056,3078,0
11.1118,3291,0
11.1181,3284,0
11.1245,3279,0
11.1306,3274,0
11.1368,3267,0
11.1431,3265,0
11.1494,3254,0
11.1556,3249,0
11.1618,3247,0
11.1681,3239,0
11.1744,3233,0
11.1806,3229,0
11.1869,3226,0
11.1931,3221,0
11.1995,3216,0
11.2056,3211,0
11.2118,3203,0
11.2181,3197,0
11.2244,3190,0
11.2306,3189,0
11.2369,3342,0
11.2431,3333,0
11.2495,3327,0
11.2556,3321,0
11.2618,3315,0
11.2681,3311,0
11.2744,3303,0
11.2806,3299,0
11.2869,3287,0
11.2931,3284,0
11.2994,3280,0
11.3056,3280,0
11.3119,3277,0
11.3181,3266,0
11.3245,3265,0
11.3307,3259,0
11.3369,3255,0
11.3431,3248,0
11.3494,3243,0
11.3556,3239,0
11.3619,3413,0
11.3681,3408,0
11.3744,3403,0
11.3806,3401,0
11.3868,3388,0
11.3931,3386,0
11.3994,3378,0
11.4056,3376,0
11.4118,3361,0
11.4181,3359,0
11.4244,3354,0
11.4306,3349,0
11.4368,3344,0
11.4431,3341,0
11.4494,3331,0
11.4556,3328,0
11.4618,3326,0
11.4681,3318,0
11.4745,3312,0
11.4806,3310,0
11.4868,3517,0
11.4931,3510,0
11.4994,3503,0
11.5056,3497,0
11.5118,3491,0
11.5181,3477,0
11.5244,3474,0
11.5306,3466,0
11.5368,3461,0
11.5431,3454,0
11.5497,3451,0
11.5555,3443,0
11.5618,3439,0
11.5681,3438,0
11.5744,3429,0
11.5805,3423,0
11.5868,3409,0
11.5931,3410,0
11.5994,3403,0
11.6056,3401,0
11.612,3583,0
11.6181,3571,0
11.6244,3568,0
11.6305,3558,0
11.6368,3550,0
11.6431,3615,0
11.6494,3543,0
11.6555,3535,0
11.6618,3531,0
11.6681,3524,0
11.6744,3517,0
11.6805,3505,0
11.6868,3503,0
11.6931,3491,0
11.6994,3495,0
11.7055,3481,0
11.7118,3473,0
11.718,3456,0
11.7244,3468,0
11.7305,3460,0
11.7368,3630,0
11.743,3627,0
11.7494,3617,0
11.7555,3603,0
11.7618,3599,0
11.768,3598,0
11.7744,3581,0
11.7806,3568,0
11.7868,3568,0
11.793,3555,0
11.7994,3549,0
11.8056,3543,0
11.8118,3534,0
11.818,3529,0
11.8244,3519,0
11.8305,3515,0
11.8368,3506,0
11.843,3504,0
11.8494,3497,0
11.8556,3490,0
11.8618,3568,0
11.868,3563,0
11.8744,3550,0
11.8806,3546,0
11.8868,3536,0
11.893,3534,0
11.8995,3519,0
11.9055,3517,0
11.9118,3509,0
11.918,3503,0
11.9244,3502,0
11.9305,3488,0
11.9368,3489,0
11.943,3483,0
11.9493,3472,0
11.9555,3467,0
11.9618,3459,0
11.968,3456,0
11.9744,3449,0
11.9806,3440,0
11.9868,3511,0
11.993,3504,0
11.9994,3489,0
12.0056,3486,0
12.0118,3475,0
12.018,3470,0
12.0244,3457,0
12.0305,3454,0
12.0368,3442,0
12.043,3439,0
12.0494,3429,0
12.0555,3426,0
12.0618,3419,0
12.068,3410,0
12.0744,3406,0
12.0805,3389,0
12.0867,3395,0
12.093,3389,0
12.0994,3371,0
12.1055,3376,0
12.1118,3504,0
12.118,3487,0
12.1242,3479,0
12.1305,3472,0
12.1368,3465,0
12.1431,3457,0
12.1492,3455,0
12.1555,3442,0
12.1618,3434,0
12.1681,3424,0
12.1744,3421,0
12.1805,3410,0
12.1868,3408,0
12.193,3399,0
12.1993,3398,0
12.2056,3383,0
12.2118,3379,0
12.218,3368,0
12.2243,3368,0
12.2305,3361,0
12.2367,2603,0
12.243,2602,0
12.2493,2603,0
12.2555,2602,0
12.2618,2599,0
12.268,2595,0
12.2744,2595,0
12.2805,2593,0
12.2868,2591,0
12.293,2591,0
12.2993,2589,0
12.3055,2586,0
12.3118,2587,0
12.318,2586,0
12.3243,2585,0
12.3305,2582,0
12.3368,2578,0
12.343,2581,0
12.3494,2577,0
12.3555,2577,0
12.3618,4095,0
12.368,4095,0
12.3743,4095,0
12.3805,4095,0
12.3868,4095,0
12.393,4095,0
12.3993,4095,0
12.4055,4095,0
12.4118,4095,0
12.418,4095,0
12.4243,4095,0
12.4305,4095,0
12.4368,4095,0
12.443,4095,0
12.4493,4095,0
12.4555,4095,0
12.4618,4095,0
12.4681,4095,0
12.4743,4095,0
12.4805,4095,0
12.4868,4095,0
12.493,4095,0
12.4993,4095,0
12.5055,4095,0
12.5118,4095,0
12.518,4095,0
12.5243,4095,0
12.5305,4095,0
12.5368,4095,0
12.543,4095,0
12.5493,4095,0
12.5555,4095,0
12.5618,4095,0
12.568,4095,0
12.5742,4095,0
12.5805,4095,0
12.5868,4095,0
12.593,4095,0
12.5993,4095,0
12.6055,4095,0
12.6118,4095,0
12.618,4095,0
12.6243,4095,0
12.6305,4095,0
12.6368,4095,0
12.643,4095,0
12.6492,4095,0
12.6555,4095,0
12.6618,4095,0
12.668,4095,0
12.6742,4095,0
12.6805,4095,0
12.6867,4095,0
12.693,4095,0
12.6993,4095,0
12.7055,4095,0
12.7118,4095,0
12.718,4095,0
12.7243,4095,0
12.7305,4095,0
12.7367,4095,0
12.743,4095,0
12.7493,4095,0
12.7555,4095,0
12.7618,4095,0
12.768,4095,0
12.7742,4095,0
12.7805,4095,0
12.7868,4095,0
12.793,4095,0
12.7993,4095,0
12.8055,4095,0
12.8118,4095,0
12.818,4095,0
12.8243,4095,0
12.8305,4095,0
12.8368,4095,0
12.843,4095,0
12.8493,4095,0
12.8555,4095,0
12.8618,4095,0
12.868,4095,0
12.8743,4095,0
12.8805,4095,0
12.8867,4095,0
12.893,4095,0
12.8993,4095,0
12.9055,4095,0
12.9118,4095,0
12.918,4095,0
12.9243,4095,0
12.9305,4095,0
12.9367,4095,0
12.943,4095,0
12.9493,4095,0
12.9555,4095,0
12.9617,4095,0
12.968,4095,0
12.9743,4095,0
12.9805,4095,0
12.9836,0,0
12.9868,0,0
12.9899,0,0
12.993,0,0
12.9961,0,0
12.9992,0,0
13.0025,0,4095
13.0055,0,4095
13.0086,0,4095
13.0117,0,4095
13.0149,0,4095
13.018,0,4095
13.0211,0,4095
13.0242,0,4095
13.0275,0,4095
13.0305,0,4095
13.0336,0,4095
13.0369,0,4095
13.0399,0,4095
13.043,0,4095
13.0461,0,4095
13.0492,0,4095
13.0525,0,4095
13.0555,0,4095
13.0586,0,4095
13.0617,0,4095
13.0649,0,4095
13.068,0,4095
13.0711,0,4095
13.0743,0,4095
13.0775,0,4095
13.0805,0,4095
13.0836,0,4095
13.0867,0,4095
13.0898,0,4095
13.093,0,4095
13.0961,0,4095
13.0992,0,4095
13.1024,0,4095
13.1055,0,4095
13.1086,0,4095
13.1117,0,4095
13.1148,0,4095
13.118,0,4095
13.1211,0,4095
13.1242,0,4095
13.1275,0,4095
13.1305,0,4095
13.1336,0,4095
13.1367,0,4095
13.1398,0,4095
13.143,0,4095
13.1461,0,4095
13.1492,0,4095
13.1525,0,4095
13.1557,0,4095
13.1587,0,4095
13.1618,0,4095
13.1649,0,4095
13.168,0,4095
13.1711,0,4095
13.1743,0,4095
13.1774,0,4095
13.1805,0,4095
13.1836,0,4095
13.1867,0,4095
13.1899,0,4095
13.193,0,4095
13.1961,0,4095
13.1992,0,4095
13.2025,0,4095
13.2055,0,4095
13.2086,0,4095
13.2117,0,4095
13.2148,0,4095
13.218,0,4095
13.2211,0,4095
13.2242,0,4095
13.2274,0,4095
13.2305,0,4095
13.2336,0,4095
13.2367,0,4095
13.2399,0,4095
13.243,0,4095
13.2461,0,4095
13.2492,0,4095
13.2525,0,4095
13.2554,0,4095
13.2586,0,4095
13.2617,0,4095
13.2648,0,4095
13.268,0,4095
13.2711,0,4095
13.2742,0,4095
13.2775,0,4095
13.2805,0,4095
13.2836,0,4095
13.2867,0,4095
13.2899,0,4095
13.293,0,4095
13.2961,0,4095
13.2992,0,4095
13.3024,0,4095
13.3054,0,4095
13.3086,0,4095
13.3117,0,4095
13.3148,0,4095
13.3179,0,4095
13.3211,0,4095
13.3242,0,4095
13.3275,0,4095
13.3305,0,4095
13.3336,0,4095
13.3367,0,4095
13.3398,0,4095
13.343,0,4095
13.3461,0,4095
13.3492,0,4095
13.3524,0,4095
13.3554,0,4095
13.3586,0,4095
13.3617,0,4095
13.3649,0,4095
13.368,0,4095
13.3711,0,4095
13.3742,0,4095
13.3775,0,4095
13.3805,0,4095
13.3836,0,4095
13.3867,0,4095
13.3898,0,4095
13.393,0,4095
13.3961,0,4095
13.3992,0,4095
13.4025,0,4095
13.4055,0,4095
13.4086,0,4095
13.4117,0,4095
13.4149,0,4095
13.418,0,4095
13.4211,0,4095
13.4242,0,4095
13.4275,0,4095
13.4305,0,4095
13.4336,0,4095
13.4367,0,4095
13.4398,0,4095
13.443,0,4095
13.4461,0,4095
13.4492,0,4095
13.4525,0,4095
13.4555,0,4095
13.4586,0,4095
13.4617,0,4095
13.4648,0,4095
13.468,0,4095
13.4711,0,4095
13.4742,0,4095
13.4775,0,4095
13.4804,0,4095
13.4836,0,4095
13.4867,0,4095
13.4898,0,4095
13.493,0,4095
13.4961,0,4095
13.4992,0,4095
13.5025,0,4095
13.5054,0,4095
13.5086,0,4095
13.5117,0,4095
13.5149,0,4095
13.518,0,4095
13.5211,0,4095
13.5244,0,4095
13.5274,0,4095
13.5304,0,4095
13.5336,0,4095
13.5367,0,4095
13.5399,0,4095
13.543,0,4095
13.5461,0,4095
13.5492,0,4095
13.5525,0,4095
13.5555,0,4095
13.5586,0,4095
13.5617,0,4095
13.5648,0,4095
13.5679,0,4095
13.5711,0,4095
13.5742,0,4095
13.5775,0,4095
13.5804,0,4095
13.5836,0,4095
13.5867,0,4095
13.5898,0,4095
13.5929,0,4095
13.5961,0,4095
13.5992,0,4095
13.6024,0,4095
13.6054,0,4095
13.6086,0,4095
13.6117,0,4095
13.6148,0,4095
13.618,0,4095
13.6211,0,4095
13.6242,0,4095
13.6274,0,4095
13.6305,0,4095
13.6336,0,4095
13.6367,0,4095
13.6398,0,4095
13.6429,0,4095
13.6461,0,4095
13.6492,0,4095
13.6525,0,4095
13.6554,0,4095
13.6586,0,4095
13.6617,0,4095
13.6648,0,4095
13.668,0,4095
13.6711,0,4095
13.6742,0,4095
13.6774,0,4095
13.6804,0,4095
13.6836,0,4095
13.6867,0,4095
13.6898,0,4095
13.6929,0,4095
13.6961,0,4095
13.6992,0,4095
13.7024,0,4095
13.7055,0,4095
13.7086,0,4095
13.7117,0,4095
13.7148,0,4095
13.7179,0,4095
13.7211,0,4095
13.7242,0,4095
13.7274,0,4095
13.7305,0,4095
13.7336,0,4095
13.7367,0,4095
13.7398,0,4095
13.7429,0,4095
13.7461,0,4095
13.7492,0,4095
13.7524,0,4095
13.7555,0,4095
13.7586,0,4095
13.7617,0,4095
13.7648,0,4095
13.7679,0,4095
13.7711,0,4095
13.7742,0,4095
13.7773,0,4095
13.7804,0,4095
13.7836,0,4095
13.7867,0,4095
13.7898,0,4095
13.7929,0,4095
13.7961,0,4095
13.7992,0,4095
13.8024,0,4095
13.8055,0,4095
13.8085,0,4095
13.8117,0,4095
13.8148,0,4095
13.8179,0,4095
13.8211,0,4095
13.8242,0,4095
13.8274,0,4095
13.8304,0,4095
13.8336,0,4095
13.8367,0,4095
13.8398,0,4095
13.8429,0,4095
13.8461,0,4095
13.8492,0,4095
13.8524,0,4095
13.8555,0,4095
13.8586,0,4095
13.8617,0,4095
13.8648,0,4095
13.8679,0,4095
13.8711,0,4095
13.8742,0,4095
13.8774,0,4095
13.8805,0,4095
13.8836,0,4095
13.8867,0,4095
13.8898,0,4095
13.8929,0,4095
13.8961,0,4095
13.8992,0,4095
13.9024,0,4095
13.9055,0,4095
13.9086,0,4095
13.9117,0,4095
13.9148,0,4095
13.9179,0,4095
13.9211,0,4095
13.9242,0,4095
13.9275,0,4095
13.9305,0,4095
13.9336,0,4095
13.9367,0,4095
13.9398,0,4095
13.9429,0,4095
13.9461,0,4095
13.9492,0,4095
13.9524,0,4095
13.9554,0,4095
13.9586,0,4095
13.9617,0,4095
13.9648,0,4095
13.9679,0,4095
13.9711,0,4095
13.9742,0,4095
13.9774,0,4095
13.9805,0,4095
13.9836,0,4095
13.9867,0,4095
13.9898,0,4095
13.9929,0,4095
13.9961,0,4095
13.9992,0,4095
14.0024,0,4095
14.0055,0,4095
14.0086,0,4095
14.0117,0,4095
14.0148,0,4095
14.0179,0,4095
14.0211,0,4095
14.0242,0,4095
14.0274,0,4095
14.0305,0,4095
14.0335,0,4095
14.0367,0,4095
14.0398,0,4095
14.0429,0,4095
14.0461,0,4095
14.0492,0,4095
14.0524,0,4095
14.0554,0,4095
14.0586,0,4095
14.0617,0,4095
14.0648,0,4095
14.0679,0,4095
14.0711,0,4095
14.0742,0,4095
14.0774,0,4095
14.0805,0,4095
14.0836,0,4095
14.0867,0,4095
14.0898,0,4095
14.0929,0,4095
14.0961,0,4095
14.0992,0,4095
14.1024,0,4095
14.1055,0,4095
14.1086,0,4095
14.1117,0,4095
14.1148,0,4095
14.1179,0,4095
14.121,0,4095
14.1242,0,4095
14.1305,2636,4095
14.1367,2633,4095
14.1429,2631,4095
14.1494,2631,4095
14.1554,2635,4095
14.1617,2635,4095
14.1679,2640,4095
14.1745,2642,4095
14.1805,2647,4095
14.1867,2649,4095
14.1929,2655,4095
14.1992,2661,4095
14.2055,2664,4095
14.2117,2670,4095
14.2179,2672,4095
14.2242,2676,4095
14.2305,2677,4095
14.2367,2687,4095
14.2429,2688,4095
14.2492,2703,4095
14.2555,2851,4095
14.2617,2843,4095
14.2679,2833,4095
14.2742,2832,4095
14.2805,2825,4095
14.2867,2823,4095
14.2929,2821,4095
14.2992,2820,4095
14.3055,2817,4095
14.3116,2820,4095
14.3179,2816,4095
14.3242,2816,4095
14.3304,2819,4095
14.3367,2815,4095
14.3429,2816,4095
14.3492,2813,4095
14.3555,2816,4095
14.3617,2816,4095
14.3679,2816,4095
14.3742,2815,4095
14.3805,2737,4095
14.3867,2717,4095
14.3929,2716,4095
14.3992,2713,4095
14.4054,2671,4095
14.4117,2706,4095
14.4179,2708,4095
14.4242,2705,4095
14.4305,2704,4095
14.4367,2704,4095
14.4429,2706,4095
14.4492,2706,4095
14.4555,2706,4095
14.4617,2707,4095
14.4679,2708,4095
14.4742,2707,4095
14.4804,2710,4095
14.4866,2711,4095
14.4929,2711,4095
14.4992,2710,4095
14.5055,3267,4095
14.5117,3258,4095
14.5179,3251,4095
14.5242,3248,4095
14.5304,3243,4095
14.5367,3238,4095
14.5429,3233,4095
14.5492,3228,4095
14.5555,3229,4095
14.5617,3222,4095
14.5679,3218,4095
14.5742,3216,4095
14.5805,3215,4095
14.5867,3214,4095
14.5929,3211,4095
14.5992,3213,4095
14.6054,3212,4095
14.6117,3210,4095
14.6179,3203,4095
14.6242,3200,4095
14.6304,2639,4095
14.6367,2629,4095
14.6429,2624,4095
14.6492,2630,4095
14.6555,2622,4095
14.6617,2622,4095
14.6679,2622,4095
14.6742,2622,4095
14.6805,2623,4095
14.6867,2621,4095
14.6929,2617,4095
14.6991,2623,4095
14.7055,2623,4095
14.7117,2623,4095
14.7179,2619,4095
14.7242,2621,4095
14.7305,2619,4095
14.7367,2623,4095
14.7429,2622,4095
14.7491,2623,4095
14.7555,2928,4095
14.7617,2944,4095
14.7679,2940,4095
14.7742,2923,4095
14.7805,2943,4095
14.7866,2939,4095
14.7929,2932,4095
14.7992,2937,4095
14.8055,2933,4095
14.8117,2935,4095
14.8179,2932,4095
14.8242,2942,4095
14.8304,2933,4095
14.8367,2928,4095
14.8429,2935,4095
14.8492,2933,4095
14.8554,2933,4095
14.8616,2931,4095
14.8679,2933,4095
14.8742,2933,4095
14.8805,2357,4095
14.8866,2352,4095
14.8929,2349,4095
14.8992,2343,4095
14.9055,2341,4095
14.9116,2341,4095
14.9179,2342,4095
14.9242,2343,4095
14.9305,2335,4095
14.9367,2346,4095
14.9429,2347,4095
14.9492,2348,4095
14.9555,2347,4095
14.9617,2346,4095
14.9679,2351,4095
14.9741,2351,4095
14.9805,2304,4095
14.9866,2352,4095
14.9929,2371,4095
14.9992,2353,4095
15.0054,4095,4095
15.0117,4095,4095
15.0179,4095,4095
15.0242,4095,4095
15.0305,4095,4095
15.0366,4095,4095
15.0429,4095,4095
15.0491,4095,4095
15.0555,4095,4095
15.0616,4095,4095
15.0679,4095,4095
15.0742,4095,4095
15.0805,4095,4095
15.0867,4095,4095
15.0929,4095,4095
15.0992,4095,4095
15.1054,4095,4095
15.1116,4095,4095
15.1179,4095,4095
15.1241,4095,4095
15.1305,4095,4095
15.1366,4095,4095
15.1429,4095,4095
15.1492,4095,4095
15.1555,4095,4095
15.1617,4095,4095
15.1679,4095,4095
15.1742,4095,4095
15.1805,4095,4095
15.1866,4095,4095
15.1929,4095,4095
15.1991,4095,4095
15.2055,4095,4095
15.2116,4095,4095
15.2179,4095,4095
15.2241,4095,4095
15.2305,4095,4095
15.2366,4095,4095
15.2429,4095,4095
15.2491,4095,4095
15.2554,4095,4095
15.2616,4095,4095
15.2678,4095,4095
15.2741,4095,4095
15.2805,4095,4095
15.2866,4095,4095
15.2929,4095,4095
15.2991,4095,4095
15.3055,4095,4095
15.3116,4095,4095
15.3179,4095,4095
15.3241,4095,4095
15.3304,4095,4095
15.3366,4095,4095
15.3429,4095,4095
15.3491,4095,4095
15.3555,4095,4095
15.3617,4095,4095
15.3679,4095,4095
15.3741,4095,4095
15.3805,4095,4095
15.3868,4095,4095
15.3929,4095,4095
15.3991,4095,4095
15.4054,4095,4095
15.4116,4095,4095
15.4179,4095,4095
15.4241,4095,4095
15.4305,4095,4095
15.4366,4095,4095
15.4429,4095,4095
15.4491,4095,4095
15.4554,4095,4095
15.4616,4095,4095
15.4679,4095,4095
15.4741,4095,4095
15.4805,4095,4095
15.4866,4095,4095
15.4929,4095,4095
15.4991,4095,4095
15.5054,4095,4095
15.5116,4095,4095
15.5179,4095,4095
15.5241,4095,4095
15.5305,4095,4095
15.5366,4095,4095
15.5429,4095,4095
15.5491,4095,4095
15.5554,4095,4095
15.5617,4095,4095
15.5679,4095,4095
15.5741,4095,4095
15.5805,4095,4095
15.5866,4095,4095
15.5929,4095,4095
15.5991,4095,4095
15.6055,4095,4095
15.6116,4095,4095
15.6178,4095,4095
15.6241,4095,4095
15.6305,2512,4095
15.6366,2511,4095
15.6429,2505,4095
15.6491,2509,4095
15.6554,2512,4095
15.6616,2513,4095
15.6679,2514,4095
15.6741,2525,4095
15.6804,2519,4095
15.6866,2538,4095
15.6929,2541,4095
15.6991,2576,4095
15.7054,2551,4095
15.7116,2557,4095
15.7179,2559,4095
15.7241,2576,4095
15.7305,2577,4095
15.7366,2583,4095
15.7429,2586,4095
15.7491,2595,4095
15.7555,4095,4095
15.7616,4095,4095
15.7678,4095,4095
15.7741,4095,4095
15.7805,4095,4095
15.7866,4095,4095
15.7929,4095,4095
15.7991,4095,4095
15.8054,4095,4095
15.8116,4095,4095
15.8179,4095,4095
15.8241,4095,4095
15.8305,4095,4095
15.8366,4095,4095
15.8428,4095,4095
15.8491,4095,4095
15.8554,4095,4095
15.8616,4095,4095
15.8678,4095,4095
15.8741,4095,4095
15.8804,4095,4095
15.8866,4095,4095
15.8928,4095,4095
15.8991,4095,4095
15.9055,4095,4095
15.9116,4095,4095
15.9178,4095,4095
15.9241,4095,4095
15.9305,4095,4095
15.9366,4095,4095
15.9428,4095,4095
15.9491,4095,4095
15.9555,4095,4095
15.9616,4095,4095
15.9678,4095,4095
15.9741,4095,4095
15.9805,4095,4095
15.9866,4095,4095
15.9928,4095,4095
15.9991,4095,4095
16.0055,4095,4095
16.0116,4095,0
16.0178,4095,0
16.0241,4095,0
16.0305,4095,0
16.0366,4095,0
16.0429,4095,0
16.0491,4095,0
16.0555,4095,0
16.0616,4095,0
16.068,4095,0
16.0741,4095,0
16.0804,4095,0
16.0866,4095,0
16.0928,4095,0
16.0991,4095,0
16.1055,4095,0
16.1116,4095,0
16.1179,4095,0
16.1241,4095,0
16.1305,4095,0
16.1366,4095,0
16.1428,4095,0
16.1491,4095,0
16.1554,4095,0
16.1616,4095,0
16.1678,4095,0
16.1741,4095,0
16.1804,4095,0
16.1866,4095,0
16.1928,4095,0
16.1991,4095,0
16.2055,4095,0
16.2116,4095,0
16.2178,4095,0
16.2241,4095,0
16.2304,4095,0
16.2366,4095,0
16.2428,4095,0
16.2491,4095,0
16.2554,3647,0
16.2616,3632,0
16.2678,3614,0
16.2741,3601,0
16.2804,3601,0
16.2866,3594,0
16.2928,3578,0
16.2991,3571,0
16.3054,3572,0
16.3116,3566,0
16.3179,3565,0
16.3241,3562,0
16.3304,3551,0
16.3366,3547,0
16.3428,3542,0
16.3491,3539,0
16.3554,3536,0
16.3616,3533,0
16.3678,3531,0
16.3741,3536,0
16.3804,2874,0
16.3866,2864,0
16.3928,2865,0
16.3991,2859,0
16.4054,2860,0
16.4116,2859,0
16.4178,2859,0
16.4241,2862,0
16.4305,2863,0
16.4366,2886,0
16.4428,2859,0
16.4491,2864,0
16.4554,2866,0
16.4615,2866,0
16.4678,2870,0
16.4741,2869,0
16.4804,2871,0
16.4866,2877,0
16.4928,2874,0
16.4991,2878,0
16.5054,3482,0
16.5116,3474,0
16.5178,3463,0
16.5241,3463,0
16.5304,3458,0
16.5366,3456,0
16.5428,3453,0
16.5491,3454,0
16.5554,3449,0
16.5616,3447,0
16.5678,3447,0
16.5741,3446,0
16.5805,3445,0
16.5865,3446,0
16.5928,3443,0
16.5991,3443,0
16.6054,3452,0
16.6116,3446,0
16.6178,3445,0
16.6241,3446,0
16.6304,3301,0
16.6366,3295,0
16.6428,3287,0
16.649,3282,0
16.6554,3279,0
16.6616,3277,0
16.6678,3275,0
16.674,3275,0
16.6804,3273,0
16.6865,3270,0
16.6928,3275,0
16.6991,3273,0
16.7054,3273,0
16.7115,3266,0
16.7178,3267,0
16.7241,3268,0
16.7304,3271,0
16.7365,3265,0
16.7428,3267,0
16.7491,3269,0
16.7554,3152,0
16.7616,3143,0
16.7678,3139,0
16.774,3136,0
16.7804,3131,0
16.7866,3133,0
16.7928,3129,0
16.799,3130,0
16.8054,3126,0
16.8115,3123,0
16.8178,3120,0
16.824,3121,0
16.8304,3123,0
16.8366,3120,0
16.8428,3120,0
16.849,3121,0
16.8553,3119,0
16.8615,3118,0
16.8678,3117,0
16.8741,3116,0
16.8804,2384,0
16.8865,2355,0
16.8928,2370,0
16.8991,2370,0
16.9054,2371,0
16.9115,2367,0
16.9178,2366,0
16.9241,2365,0
16.9304,2365,0
16.9365,2367,0
16.9428,2366,0
16.9491,2366,0
16.9554,2366,0
16.9615,2365,0
16.9678,2360,0
16.974,2358,0
16.9804,2359,0
16.9865,2357,0
16.9928,2358,0
16.9991,2357,0
17.0054,2185,0
17.0116,2173,0
17.0178,2162,0
17.024,2164,0
17.0304,2160,0
17.0366,2160,0
17.0428,2162,0
17.049,2162,0
17.0553,2160,0
17.0615,2159,0
17.0678,2160,0
17.074,2159,0
17.0804,2180,0
17.0867,2160,0
17.0928,2159,0
17.099,2157,0
17.1054,2157,0
17.1115,2160,0
17.1178,2160,0
17.124,2144,0
17.1304,2182,0
17.1365,2177,0
17.1428,2172,0
17.1491,2170,0
17.1554,2163,0
17.1615,2165,0
17.1678,2165,0
17.174,2162,0
17.1804,2162,0
17.1865,2162,0
17.1928,2162,0
17.199,2160,0
17.2054,2165,0
17.2115,2164,0
17.2178,2161,0
17.224,2162,0
17.2304,2161,0
17.2365,2160,0
17.2428,2160,0
17.249,2160,0
17.2553,2253,0
17.2615,2285,0
17.2678,2282,0
17.274,2278,0
17.2804,2277,0
17.2865,2279,0
17.2928,2277,0
17.299,2281,0
17.3053,2279,0
17.3115,2278,0
17.3177,2256,0
17.324,2275,0
17.3304,2278,0
17.3365,2284,0
17.3428,2279,0
17.349,2273,0
17.3553,2278,0
17.3615,2275,0
17.368,2275,0
17.374,2274,0
17.3804,2321,0
17.3865,2315,0
17.3928,2307,0
17.399,2309,0
17.4053,2306,0
17.4115,2309,0
17.4177,2309,0
17.424,2311,0
17.4303,2306,0
17.4365,2306,0
17.4428,2306,0
17.449,2309,0
17.4552,2307,0
17.4615,2306,0
17.4677,2311,0
17.474,2306,0
17.4803,2310,0
17.4867,2312,0
17.4928,2311,0
17.499,2314,0
17.5053,2454,0
17.5115,2451,0
17.5177,2449,0
17.524,2443,0
17.5303,2443,0
17.5365,2446,0
17.5428,2441,0
17.549,2439,0
17.5553,2447,0
17.5616,2430,0
17.5678,2445,0
17.574,2447,0
17.5802,2446,0
17.5865,2447,0
17.5928,2448,0
17.599,2446,0
17.6052,2447,0
17.6115,2443,0
17.6178,2447,0
17.624,2448,0
17.6303,2419,0
17.6365,2415,0
17.6428,2411,0
17.649,2405,0
17.6553,2405,0
17.6615,2405,0
17.6677,2405,0
17.6741,2406,0
17.6803,2409,0
17.6865,2407,0
17.6928,2410,0
17.699,2405,0
17.7053,2407,0
17.7115,2409,0
17.7178,2411,0
17.724,2409,0
17.7302,2407,0
17.7365,2407,0
17.7427,2405,0
17.749,2407,0
17.7553,2609,0
17.7615,2581,0
17.7678,2574,0
17.774,2571,0
17.7803,2571,0
17.7865,2569,0
17.7927,2570,0
17.799,2567,0
17.8053,2572,0
17.8115,2569,0
17.8177,2575,0
17.824,2573,0
17.8303,2573,0
17.8365,2576,0
17.8427,2576,0
17.849,2571,0
17.8552,2573,0
17.8615,2576,0
17.8678,2575,0
17.874,2571,0
17.8792,606,0
17.8844,599,0
17.8896,594,0
17.8948,589,0
17.9,588,0
17.9053,588,0
17.9105,587,0
17.9157,591,0
17.9209,590,0
17.9261,591,0
17.9314,587,0
17.9365,596,0
17.9417,592,0
17.9469,592,0
17.9521,592,0
17.9574,591,0
17.9625,590,0
17.9677,592,0
17.973,592,0
17.9782,592,0
17.9835,594,0
17.9886,594,0
17.9938,593,0
17.999,595,0
18.0052,1250,0
18.0115,1246,0
18.0177,1243,0
18.024,1239,0
18.0302,1239,0
18.0365,1247,0
18.0428,1250,0
18.0491,1255,0
18.0552,1264,0
18.0615,1266,0
18.0677,1275,0
18.074,1279,0
18.0803,1285,0
18.0865,1294,0
18.0927,1296,0
18.099,1298,0
18.1052,1302,0
18.1115,1311,0
18.1178,1314,0
18.124,1306,0
18.1303,2849,0
18.1365,2841,0
18.1427,2839,0
18.149,2832,0
18.1552,2832,0
18.1615,2832,0
18.1677,2833,0
18.174,2837,0
18.1802,2833,0
18.1865,2843,0
18.1927,2845,0
18.199,2850,0
18.2052,2854,0
18.2115,2857,0
18.2177,2860,0
18.2239,2861,0
18.2302,2864,0
18.2365,2864,0
18.2428,2864,0
18.249,2866,0
18.2552,4095,0
18.2615,4095,0
18.2677,4095,0
18.2739,4095,0
18.2803,4095,0
18.2865,4095,0
18.2927,4095,0
18.299,4095,0
18.3052,4095,0
18.3115,4095,0
18.3177,4095,0
18.324,4095,0
18.3302,4095,0
18.3365,4095,0
18.3427,4095,0
18.349,4095,0
18.3552,4095,0
18.3615,4095,0
18.3677,4095,0
18.374,4095,0
18.3802,4095,0
18.3865,4095,0
18.3927,4095,0
18.399,4095,0
18.4052,4095,0
18.4115,4095,0
18.4177,4095,0
18.424,4095,0
18.4302,4095,0
18.4365,4095,0
18.4427,4095,0
18.449,4095,0
18.4552,4095,0
18.4615,4095,0
18.4677,4095,0
18.474,4095,0
18.4802,4095,0
18.4865,4095,0
18.4927,4095,0
18.499,4095,0
18.5052,4095,0
18.5115,4095,0
18.5177,4095,0
18.5239,4095,0
18.5302,4095,0
18.5365,4095,0
18.5427,4095,0
18.549,4095,0
18.5552,4095,0
18.5615,4095,0
18.5677,4095,0
18.5739,4095,0
18.5802,4095,0
18.5865,4095,0
18.5927,4095,0
18.5989,4095,0
18.6053,4095,0
18.6115,4095,0
18.6177,4095,0
18.6239,4095,0
18.6302,4095,0
18.6365,4095,0
18.6427,4095,0
18.6489,4095,0
18.6552,4095,0
18.6615,4095,0
18.6678,4095,0
18.6739,4095,0
18.6802,4095,0
18.6865,4095,0
18.6927,4095,0
18.6989,4095,0
18.7052,4095,0
18.7114,4095,0
18.7177,4095,0
18.7239,4095,0
18.7302,4095,0
18.7364,4095,0
18.7427,4095,0
18.7489,4095,0
18.7552,4095,0
18.7615,4095,0
18.7677,4095,0
18.7739,4095,0
18.7802,4095,0
18.7865,4095,0
18.7927,4095,0
18.799,4095,0
18.8052,4095,0
18.8115,4095,0
18.8177,4095,0
18.8239,4095,0
18.8302,4095,0
18.8365,4095,0
18.8427,4095,0
18.8489,4095,0
18.8552,4095,0
18.8615,4095,0
18.8677,4095,0
18.8739,4095,0
18.8771,0,0
18.8802,0,0
18.8835,0,0
18.8864,0,0
18.8896,0,0
18.8927,0,0
18.8958,0,0
18.8989,0,0
18.9021,0,0
18.9052,0,0
18.9085,0,0
18.9115,0,0
18.9146,0,0
18.9177,0,0
18.9208,0,0
18.9239,0,0
18.9271,0,0
18.9302,0,0
18.9334,0,0
18.9364,0,0
18.9396,0,0
18.9427,0,0
18.9459,0,0
18.9489,0,0
18.9521,0,0
18.9552,0,0
18.9584,0,0
18.9615,0,0
18.9646,0,0
18.9677,0,0
18.9708,0,0
18.9739,0,0
18.977,0,0
18.9802,0,0
18.9833,0,0
18.9864,0,0
18.9896,0,0
18.9927,0,0
18.9958,0,0
18.9989,0,0
19.0021,0,0
19.0085,3253,4095
19.0146,3253,4095
19.0208,3258,4095
19.0271,3259,4095
19.0334,3260,4095
19.0395,3262,4095
19.0458,3267,4095
19.0521,3268,4095
19.0584,3271,4095
19.0646,3275,4095
19.0708,3280,4095
19.0771,3279,4095
19.0834,3282,4095
19.0895,3283,4095
19.0958,3285,4095
19.1021,3287,4095
19.1085,3294,4095
19.1146,3291,4095
19.1208,3266,4095
19.1271,3321,4095
19.1335,4095,4095
19.1396,4095,4095
19.1458,4095,4095
19.1521,4095,4095
19.1584,4095,4095
19.1646,4095,4095
19.1708,4095,4095
19.177,4095,4095
19.1834,4095,4095
19.1895,4095,4095
19.1958,4095,4095
19.202,4095,4095
19.2084,4095,4095
19.2146,4095,4095
19.2209,4095,4095
19.227,4095,4095
19.2334,4095,4095
19.2395,4095,4095
19.2458,4095,4095
19.252,4095,4095
19.2584,1503,4095
19.2645,1495,4095
19.2708,1488,4095
19.2771,1484,4095
19.2834,1462,4095
19.2895,1477,4095
19.2958,1473,4095
19.3021,1469,4095
19.3084,1461,4095
19.3145,1456,4095
19.3208,1453,4095
19.3271,1447,4095
19.3334,1440,4095
19.3395,1436,4095
19.3458,1428,4095
19.3521,1425,4095
19.3584,1424,4095
19.3645,1416,4095
19.3708,1409,4095
19.377,1403,4095
19.3834,4095,4095
19.3895,4095,4095
19.3958,4095,4095
19.402,4095,4095
19.4084,4095,4095
19.4145,4095,4095
19.4208,4095,4095
19.427,4095,4095
19.4333,4095,4095
19.4395,4095,4095
19.4457,4095,4095
19.4521,4095,4095
19.4584,4095,4095
19.4645,4095,4095
19.4708,4095,4095
19.4771,4095,4095
19.4834,4095,4095
19.4895,4095,4095
19.4958,4095,4095
19.502,4095,4095
19.5084,2241,4095
19.5145,2234,4095
19.5208,2223,4095
19.5271,2224,4095
19.5334,2217,4095
19.5395,2211,4095
19.5458,2209,4095
19.5521,2201,4095
19.5584,2196,4095
19.5645,2192,4095
19.5708,2188,4095
19.5771,2185,4095
19.5834,2179,4095
19.5895,2175,4095
19.5958,2169,4095
19.6021,2167,4095
19.6084,2165,4095
19.6145,2160,4095
19.6208,2158,4095
19.6271,2153,4095
19.6334,2643,4095
19.6395,2633,4095
19.6458,2627,4095
19.6521,2623,4095
19.6583,2619,4095
19.6645,2612,4095
19.6708,2608,4095
19.677,2608,4095
19.6834,2606,4095
19.6895,2599,4095
19.6958,2595,4095
19.702,2591,4095
19.7082,2608,4095
19.7145,2586,4095
19.7208,2580,4095
19.727,2576,4095
19.7332,2576,4095
19.7395,2569,4095
19.7458,2559,4095
19.752,2558,4095
19.7584,3518,4095
19.7645,3509,4095
19.7708,3498,4095
19.777,3493,4095
19.7833,3479,4095
19.7895,3472,4095
19.7958,3462,4095
19.802,3458,4095
19.8084,3453,4095
19.8145,3447,4095
19.8208,3442,4095
19.827,3435,4095
19.8334,3434,4095
19.8395,3426,4095
19.8458,3422,4095
19.852,3415,4095
19.8584,3412,4095
19.8645,3407,4095
19.8708,3394,4095
19.877,3393,4095
19.8833,2064,4095
19.8895,2055,4095
19.8958,2045,4095
19.902,2039,4095
19.9083,2035,4095
19.9145,2030,4095
19.9208,2026,4095
19.927,2026,4095
19.9333,2015,4095
19.9395,2011,4095
19.9458,2007,4095
19.952,2006,4095
19.9583,2001,4095
19.9645,1997,4095
19.9708,2000,4095
19.977,2001,4095
19.9832,1989,4095
19.9895,1986,4095
19.9957,1983,4095
20.002,1983,4095
20.0083,2992,4095
20.0145,2988,4095
20.0208,2977,4095
20.027,2975,4095
20.0332,2963,4095
20.0395,2958,4095
20.0457,2949,4095
20.052,2944,4095
20.0583,2941,4095
20.0645,2933,4095
20.0708,2928,4095
20.077,2925,4095
20.0833,2924,4095
20.0896,2921,4095
20.0957,2913,4095
20.102,2908,4095
20.1083,2905,4095
20.1145,2898,4095
20.1208,2897,4095
20.127,2896,4095
20.1333,2650,4095
20.1395,2647,4095
20.1458,2642,4095
20.152,2639,4095
20.1583,2638,4095
20.1645,2628,4095
20.1708,2623,4095
20.177,2620,4095
20.1833,2617,4095
20.1895,2613,4095
20.1958,2608,4095
20.202,2603,4095
20.2083,2598,4095
20.2145,2594,4095
20.2207,2593,4095
20.227,2586,4095
20.2333,2583,4095
20.2395,2579,4095
20.2458,2578,4095
20.252,2576,4095
20.2583,2551,4095
20.2645,2545,4095
20.2708,2542,4095
20.277,2537,4095
20.2832,2529,4095
20.2895,2523,4095
20.2958,2513,4095
20.302,2514,4095
20.3084,2503,4095
20.3145,2509,4095
20.3208,2509,4095
20.327,2507,4095
20.3332,2507,4095
20.3395,2499,4095
20.3458,2499,4095
20.352,2496,4095
20.3583,2498,4095
20.3645,2491,4095
20.3708,2486,4095
20.377,2480,4095
20.3833,2925,4095
20.3895,2916,4095
20.3958,2910,4095
20.402,2905,4095
20.4083,2898,4095
20.4145,2894,4095
20.4207,2887,4095
20.427,2885,4095
20.4333,2871,4095
20.4395,2867,4095
20.4458,2864,4095
20.452,2855,4095
20.4583,2858,4095
20.4645,2853,4095
20.4707,2851,4095
20.477,2846,4095
20.4832,2846,4095
20.4895,2842,4095
20.4958,2839,4095
20.502,2838,4095
20.5082,2746,4095
20.5145,2739,4095
20.5207,2741,4095
20.527,2737,4095
20.5332,2733,4095
20.5395,2726,4095
20.5457,2719,4095
20.552,2718,4095
20.5583,2715,4095
20.5645,2704,4095
20.5708,2699,4095
20.577,2694,4095
20.5832,2691,4095
20.5895,2687,4095
20.5957,2688,4095
20.602,2685,4095
20.6082,2683,4095
20.6145,2679,4095
20.6207,2674,4095
20.627,2673,4095
20.6333,2826,4095
20.6395,2821,4095
20.6457,2816,4095
20.652,2811,4095
20.6582,2803,4095
20.6645,2799,4095
20.6708,2795,4095
20.677,2791,4095
20.6832,2785,4095
20.6895,2768,4095
20.6958,2768,4095
20.702,2766,4095
20.7082,2765,4095
20.7145,2759,4095
20.7207,2752,4095
20.727,2752,4095
20.7333,2751,4095
20.7395,2748,4095
20.7457,2739,4095
20.752,2740,4095
20.7582,2881,4095
20.7645,2880,4095
20.7707,2874,4095
20.7769,2867,4095
20.7832,2864,4095
20.7895,2862,4095
20.7957,2858,4095
20.802,2844,4095
20.8082,2839,4095
20.8145,2833,4095
20.8207,2830,4095
20.827,2823,4095
20.8332,2814,4095
20.8395,2813,4095
20.8457,2811,4095
20.852,2804,4095
20.8582,2803,4095
20.8645,2799,4095
20.8707,2793,4095
20.877,2793,4095
20.8832,2886,4095
20.8895,2880,4095
20.8957,2874,4095
20.902,2873,4095
20.9082,2866,4095
20.9145,2865,4095
20.9207,2858,4095
20.927,2853,4095
20.9333,2849,4095
20.9395,2841,4095
20.9457,2833,4095
20.952,2829,4095
20.9582,2828,4095
20.9645,2820,4095
20.9707,2816,4095
20.9769,2817,4095
20.9832,2809,4095
20.9894,2809,4095
20.9957,2805,4095
21.002,2803,4095
21.0082,2879,4095
21.0145,2871,4095
21.0207,2866,4095
21.027,2864,4095
21.0332,2860,4095
21.0395,2859,4095
21.0457,2854,4095
21.0519,2862,4095
21.0582,2848,4095
21.0644,2843,4095
21.0707,2837,4095
21.0769,2831,4095
21.0832,2826,4095
21.0894,2819,4095
21.0958,2815,4095
21.102,2811,4095
21.1082,2805,4095
21.1145,2814,4095
21.1207,2800,4095
21.1269,2800,4095
21.1332,2922,4095
21.1395,2915,4095
21.1457,2911,4095
21.1519,2902,4095
21.1582,2899,4095
21.1645,2897,4095
21.1707,2896,4095
21.1769,2895,4095
21.1832,2890,4095
21.1894,2883,4095
21.1957,2881,4095
21.2019,2875,4095
21.2082,2867,4095
21.2144,2869,4095
21.2207,2861,4095
21.227,2858,4095
21.2332,2855,4095
21.2394,2850,4095
21.2457,2847,4095
21.252,2842,4095
21.2582,2928,4095
21.2644,2921,4095
21.2707,2913,4095
21.2769,2907,4095
21.2832,2905,4095
21.2895,2902,4095
21.2957,2881,4095
21.3019,2895,4095
21.3082,2889,4095
21.3144,2883,4095
21.3207,2878,4095
21.3269,2879,4095
21.3332,2870,4095
21.3395,2868,4095
21.3457,2864,4095
21.352,2864,4095
21.3582,2857,4095
21.3645,2857,4095
21.3707,2852,4095
21.3769,2848,4095
21.3832,2919,4095
21.3895,2912,4095
21.3957,2905,4095
21.4019,2896,4095
21.4082,2897,4095
21.4145,2895,4095
21.4207,2888,4095
21.427,2885,4095
21.4332,2881,4095
21.4394,2876,4095
21.4457,2866,4095
21.4519,2865,4095
21.4582,2863,4095
21.4645,2860,4095
21.4707,2851,4095
21.4769,2848,4095
21.4833,2845,4095
21.4895,2841,4095
21.4957,2838,4095
21.5019,2836,4095
21.5082,2935,4095
21.5145,2927,4095
21.5207,2924,4095
21.5269,2915,4095
21.5332,2907,4095
21.5395,2902,4095
21.5458,2905,4095
21.5519,2896,4095
21.5582,2899,4095
21.5645,2890,4095
21.5707,2884,4095
21.5769,2880,4095
21.5832,2876,4095
21.5895,2870,4095
21.5957,2864,4095
21.6019,2864,4095
21.6082,2859,4095
21.6144,2855,4095
21.6207,2851,4095
21.6269,2842,4095
21.6332,3088,4095
21.6394,3078,4095
21.6457,3069,4095
21.6519,3063,4095
21.6582,3058,4095
21.6644,3056,4095
21.6707,3054,4095
21.6769,3045,4095
21.6832,3044,4095
21.6895,3037,4095
21.6957,3033,4095
21.7019,3031,4095
21.7082,3026,4095
21.7145,3024,4095
21.7207,3024,4095
21.7269,3015,4095
21.7332,3018,4095
21.7395,3008,4095
21.7457,3005,4095
21.7519,2999,4095
21.7582,4095,4095
21.7645,4095,4095
21.7707,4095,4095
21.7769,4095,4095
21.7832,4095,4095
21.7894,4095,4095
21.7957,4095,4095
21.802,4095,4095
21.8082,4095,4095
21.8145,4095,4095
21.8207,4095,4095
21.8269,4095,4095
21.8331,4095,4095
21.8395,4095,4095
21.8457,4095,4095
21.8519,4095,4095
21.8582,4095,4095
21.8644,4095,4095
21.8708,4095,4095
21.8769,4095,4095
21.8832,4095,4095
21.8894,4095,4095
21.8957,4095,4095
21.9019,4095,4095
21.9082,4095,4095
21.9145,4095,4095
21.9207,4095,4095
21.9269,4095,4095
21.9332,4095,4095
21.9394,4095,4095
21.9457,4095,4095
21.952,4095,4095
21.9582,4095,4095
21.9645,4095,4095
21.9707,4095,4095
21.9769,4095,4095
21.9832,4095,4095
21.9895,4095,4095
21.9956,4095,4095
22.0019,4095,0
22.0082,4095,0
22.0145,4095,0
22.0207,4095,0
22.0269,4095,0
22.0331,4095,0
22.0395,4095,0
22.0457,4095,0
22.0519,4095,0
22.0582,4095,0
22.0644,4095,0
22.0707,4095,0
22.0769,4095,0
22.0831,4095,0
22.0894,4095,0
22.0957,4095,0
22.1019,4095,0
22.1082,4095,0
22.1145,4095,0
22.1207,4095,0
22.1269,4095,0
22.1331,4095,0
22.1395,4095,0
22.1456,4095,0
22.1519,4095,0
22.1582,4095,0
22.1645,4095,0
22.1707,4095,0
22.1769,4095,0
22.1832,4095,0
22.1895,4095,0
22.1957,4095,0
22.2019,4095,0
22.2082,4095,0
22.2144,4095,0
22.2207,4095,0
22.2269,4095,0
22.2332,4095,0
22.2394,4095,0
22.2457,4095,0
22.2519,4095,0
22.255,0,0
22.2581,0,0
22.2612,0,0
22.2645,0,0
22.2675,0,0
22.2707,0,0
22.2738,0,0
22.2769,0,0
22.28,0,0
22.2831,0,0
22.2863,0,0
22.2895,0,0
22.2925,0,0
22.2956,0,0
22.2988,0,0
22.3019,0,0
22.305,0,0
22.3081,0,0
22.3113,0,0
22.3145,0,0
22.3175,0,0
22.3206,0,0
22.3237,0,0
22.3269,0,0
22.33,0,0
22.3332,0,0
22.3362,0,0
22.3394,0,0
22.3425,0,0
22.3456,0,0
22.3487,0,0
22.3519,0,0
22.355,0,0
22.3581,0,0
22.3613,0,0
22.3644,0,0
22.3675,0,0
22.3706,0,0
22.3738,0,0
22.3769,0,0
22.38,0,0
22.3831,0,0
22.3863,0,0
22.3894,0,0
22.3925,0,0
22.3956,0,0
22.3987,0,0
22.4019,0,0
22.405,0,0
22.4081,0,0
22.4112,0,0
22.4145,0,0
22.4175,0,0
22.4207,0,0
22.4238,0,0
22.4269,0,0
22.43,0,0
22.4331,0,0
22.4363,0,0
22.4395,0,0
22.4425,0,0
22.4457,0,0
22.4487,0,0
22.4519,0,0
22.455,0,0
22.4581,0,0
22.4613,0,0
22.4644,0,0
22.4675,0,0
22.4706,0,0
22.4738,0,0
22.4769,0,0
22.48,0,0
22.4832,0,0
22.4863,0,0
22.4894,0,0
22.4925,0,0
22.4956,0,0
22.4988,0,0
22.5019,0,0
22.505,0,0
22.5081,0,0
22.5113,0,0
22.5145,0,0
22.5175,0,0
22.5206,0,0
22.5238,0,0
22.5269,0,0
22.53,0,0
22.5332,0,0
22.5364,0,0
22.5395,0,0
22.5425,0,0
22.5456,0,0
22.5488,0,0
22.5519,0,0
22.555,0,0
22.5581,0,0
22.5613,0,0
22.5645,0,0
22.5676,0,0
22.5706,0,0
22.5737,0,0
22.5769,0,0
22.58,0,0
22.5831,0,0
22.5862,0,0
22.5894,0,0
22.5925,0,0
22.5956,0,0
22.5987,0,0
22.6019,0,0
22.605,0,0
22.6081,0,0
22.6112,0,0
22.6144,0,0
22.6175,0,0
22.6206,0,0
22.6238,0,0
22.6269,0,0
22.63,0,0
22.6331,0,0
22.6362,0,0
22.6395,0,0
22.6425,0,0
22.6456,0,0
22.6487,0,0
22.6519,0,0
22.655,0,0
22.6582,0,0
22.6612,0,0
22.6644,0,0
22.6675,0,0
22.6706,0,0
22.6738,0,0
22.6769,0,0
22.68,0,0
22.6831,0,0
22.6862,0,0
22.6894,0,0
22.6928,0,0
22.6956,0,0
22.6987,0,0
22.7019,0,0
22.705,0,0
22.7081,0,0
22.7112,0,0
22.7145,0,0
22.7175,0,0
22.7206,0,0
22.7237,0,0
22.7268,0,0
22.73,0,0
22.7331,0,0
22.7363,0,0
22.7395,0,0
22.7425,0,0
22.7456,0,0
22.7488,0,0
22.7519,0,0
22.755,0,0
22.7581,0,0
22.7613,0,0
22.7675,4095,0
22.7738,4095,0
22.78,4095,0
22.7863,4095,0
22.7925,4095,0
22.7988,4095,0
22.805,4095,0
22.8113,4095,0
22.8175,4095,0
22.8238,4095,0
22.83,4095,0
22.8362,4095,0
22.8425,4095,0
22.8487,4095,0
22.855,4095,0
22.8612,4095,0
22.8675,4095,0
22.8738,4095,0
22.88,4095,0
22.8863,4095,0
22.8925,4095,0
22.8987,4095,0
22.905,4095,0
22.9113,4095,0
22.9175,4095,0
22.9238,4095,0
22.93,4095,0
22.9362,4095,0
22.9425,4095,0
22.9488,4095,0
22.955,4095,0
22.9613,4095,0
22.9675,4095,0
22.9737,4095,0
22.98,4095,0
22.9862,4095,0
22.9925,4095,0
22.9988,4095,0
23.005,4095,0
23.0113,4095,0
23.0175,4095,0
23.0237,4095,0
23.03,4095,0
23.0363,4095,0
23.0425,4095,0
23.0487,4095,0
23.055,4095,0
23.0612,4095,0
23.0675,4095,0
23.0738,4095,0
23.08,4095,0
23.0863,4095,0
23.0925,4095,0
23.0987,4095,0
23.105,4095,0
23.1113,4095,0
23.1175,4095,0
23.1237,4095,0
23.13,4095,0
23.1363,4095,0
23.1425,4095,0
23.1487,4095,0
23.155,4095,0
23.1612,4095,0
23.1675,4095,0
23.1737,4095,0
23.18,4095,0
23.1864,4095,0
23.1925,4095,0
23.1988,4095,0
23.205,4095,0
23.2113,4095,0
23.2175,4095,0
23.2237,4095,0
23.23,4095,0
23.2362,4095,0
23.2425,4095,0
23.2487,4095,0
23.255,4095,0
23.2612,4095,0
23.2675,4095,0
23.2737,4095,0
23.28,4095,0
23.2862,4095,0
23.2925,4095,0
23.2987,4095,0
23.305,4095,0
23.3112,4095,0
23.3175,4095,0
23.3237,4095,0
23.33,4095,0
23.3362,4095,0
23.3425,4095,0
23.3487,4095,0
23.355,4095,0
23.3612,4095,0
23.3675,4095,0
23.3737,4095,0
23.38,4095,0
23.3863,4095,0
23.3925,4095,0
23.3987,4095,0
23.4049,4095,0
23.4112,4095,0
23.4175,4095,0
23.4237,4095,0
23.4299,4095,0
23.4362,4095,0
23.4426,4095,0
23.4487,4095,0
23.4549,4095,0
23.4612,4095,0
23.4675,4095,0
23.4737,4095,0
23.4799,4095,0
23.4862,4095,0
23.4925,4095,0
23.4987,4095,0
23.505,4095,0
23.5112,4095,0
23.5175,4095,0
23.5237,4095,0
23.53,4095,0
23.5362,4095,0
23.5425,4095,0
23.5487,4095,0
23.5549,4095,0
23.5612,4095,0
23.5674,4095,0
23.5737,4095,0
23.58,4095,0
23.5862,4095,0
23.5925,4095,0
23.5987,4095,0
23.605,4095,0
23.6112,4095,0
23.6175,4095,0
23.6237,4095,0
23.6299,4095,0
23.6362,4095,0
23.6424,4095,0
23.6487,4095,0
23.655,4095,0
23.6612,4095,0
23.6675,4095,0
23.6737,4095,0
23.68,4095,0
23.6862,4095,0
23.6925,4095,0
23.6987,4095,0
23.705,4095,0
23.7112,4095,0
23.7175,4095,0
23.7237,4095,0
23.7299,4095,0
23.7362,4095,0
23.7425,4095,0
23.7487,4095,0
23.7549,4095,0
23.7612,4095,0
23.7675,4095,0
23.7737,4095,0
23.7799,4095,0
23.7862,4095,0
23.7925,4095,0
23.7987,4095,0
23.805,4095,0
23.8112,4095,0
23.8174,4095,0
23.8237,4095,0
23.8299,4095,0
23.8362,4095,0
23.8425,4095,0
23.8487,4095,0
23.8549,4095,0
23.8612,4095,0
23.8675,4095,0
23.8737,4095,0
23.8799,4095,0
23.8862,4095,0
23.8925,4095,0
23.8987,4095,0
23.9049,4095,0
23.9112,4095,0
23.9175,4095,0
23.9237,4095,0
23.9299,4095,0
23.9362,4095,0
23.9425,4095,0
23.9487,4095,0
23.9549,4095,0
23.9612,4095,0
23.9675,4095,0
23.9737,4095,0
23.9799,4095,0
23.9862,4095,0
23.9924,4095,0
23.9987,4095,0
24.0049,4095,0
24.0112,4095,0
24.0174,4095,0
24.0237,4095,0
24.0299,4095,0
24.0362,4095,0
24.0425,4095,0
24.0487,4095,0
24.0549,4095,0
24.0612,4095,0
24.0675,4095,0
24.0737,4095,0
24.0799,4095,0
24.0862,4095,0
24.0925,4095,0
24.0987,4095,0
24.1049,4095,0
24.1112,4095,0
24.1175,4095,0
24.1237,4095,0
24.1299,4095,0
24.1362,4095,0
24.1425,4095,0
24.1487,4095,0
24.1549,4095,0
24.1612,4095,0
24.1675,4095,0
24.1737,4095,0
24.18,4095,0
24.1862,4095,0
24.1925,4095,0
24.1987,4095,0
24.2049,4095,0
24.2112,4095,0
24.2174,4095,0
24.2237,4095,0
24.2299,4095,0
24.2362,4095,0
24.2424,4095,0
24.2487,4095,0
24.2549,4095,0
24.2612,4095,0
24.2674,4095,0
24.2737,4095,0
24.2799,4095,0
24.2862,4095,0
24.2925,4095,0
24.2987,4095,0
24.3049,4095,0
24.3112,4095,0
24.3174,4095,0
24.3237,4095,0
24.3299,4095,0
24.3362,4095,0
24.3425,4095,0
24.3487,4095,0
24.3549,4095,0
24.3612,4095,0
24.3675,4095,0
24.3737,4095,0
24.3799,4095,0
24.3862,4095,0
24.3925,4095,0
24.3987,4095,0
24.4049,4095,0
24.4112,4095,0
24.4175,4095,0
24.4237,4095,0
24.4299,4095,0
24.4362,4095,0
24.4424,4095,0
24.4487,4095,0
24.4549,4095,0
24.4612,4095,0
24.4674,4095,0
24.4737,4095,0
24.4799,4095,0
24.4862,4095,0
24.4924,4095,0
24.4987,4095,0
24.5049,4095,0
24.5112,4095,0
24.5174,4095,0
24.5237,4095,0
24.5299,4095,0
24.5362,4095,0
24.5425,4095,0
24.5487,4095,0
24.5549,4095,0
24.5612,4095,0
24.5674,4095,0
24.5737,4095,0
24.5799,4095,0
24.5862,4095,0
24.5925,4095,0
24.5987,4095,0
24.6049,4095,0
24.6114,4095,0
24.6175,4095,0
24.6237,4095,0
24.6299,4095,0
24.6362,4095,0
24.6425,4095,0
24.6487,4095,0
24.6549,4095,0
24.6612,4095,0
24.6675,4095,0
24.6737,4095,0
24.6799,4095,0
24.6862,4095,0
24.6925,4095,0
24.6987,4095,0
24.7049,4095,0
24.7112,4095,0
24.7174,4095,0
24.7236,4095,0
24.7299,4095,0
24.7362,4095,0
24.7425,4095,0
24.7487,4095,0
24.7549,4095,0
24.7612,4095,0
24.7674,4095,0
24.7737,4095,0
24.7799,4095,0
24.7861,4095,0
24.7925,4095,0
24.7987,4095,0
24.8049,4095,0
24.8111,4095,0
24.8175,4095,0
24.8237,4095,0
24.8299,4095,0
24.8362,4095,0
24.8425,4095,0
24.8486,4095,0
24.8549,4095,0
24.8611,4095,0
24.8674,4095,0
24.8737,4095,0
24.8799,4095,0
24.8862,4095,0
24.8925,4095,0
24.8987,4095,0
24.9049,4095,0
24.9112,4095,0
24.9174,4095,0
24.9236,4095,0
24.9299,4095,0
24.9362,4095,0
24.9425,4095,0
24.9487,4095,0
24.9549,4095,0
24.9611,4095,0
24.9675,4095,0
24.9736,4095,0
24.9799,4095,0
24.9862,4095,0
24.9924,4095,0
24.9986,4095,0
25.0049,4095,0
25.0112,4095,0
25.0174,4095,0
25.0237,4095,0
25.0299,4095,0
25.0362,4095,0
25.0424,4095,0
25.0487,4095,0
25.0549,4095,0
25.0611,4095,0
25.0674,4095,0
25.0737,4095,0
25.0799,4095,0
25.0861,4095,0
25.0924,4095,0
25.0987,4095,0
25.105,4095,0
25.1111,4095,0
25.1175,4095,0
25.1236,4095,0
25.1299,4095,0
25.1362,4095,0
25.1425,4095,0
25.1487,4095,0
25.1549,4095,0
25.1611,4095,0
25.1675,4095,0
25.1737,4095,0
25.1799,4095,0
25.1861,4095,0
25.1924,4095,0
25.1986,4095,0
25.2049,4095,0
25.2111,4095,0
25.2174,4095,0
25.2236,4095,0
25.2299,4095,0
25.2361,4095,0
25.2425,4095,0
25.2486,4095,0
25.2549,4095,0
25.2611,4095,0
25.2675,4095,0
25.2736,4095,0
25.2799,4095,0
25.2862,4095,0
25.2924,4095,0
25.2987,4095,0
25.3049,4095,0
25.3111,4095,0
25.3174,4095,0
25.3237,4095,0
25.3298,4095,0
25.3361,4095,0
25.3424,4095,0
25.3486,4095,0
25.3549,4095,0
25.3611,4095,0
25.3675,4095,0
25.3736,4095,0
25.3799,4095,0
25.3861,4095,0
25.3925,4095,0
25.3986,4095,0
25.4049,4095,0
25.4112,4095,0
25.4175,4095,0
25.4237,4095,0
25.4298,4095,0
25.4361,4095,0
25.4424,4095,0
25.4486,4095,0
25.4549,4095,0
25.4611,4095,0
25.4675,4095,0
25.4736,4095,0
25.4799,4095,0
25.4861,4095,0
25.4925,4095,0
25.4986,4095,0
25.5049,4095,0
25.5111,4095,0
25.5174,4095,0
25.5236,4095,0
25.5298,4095,0
25.5361,4095,0
25.5425,4095,0
25.5486,4095,0
25.5549,4095,0
25.5611,4095,0
25.5675,4095,0
25.5736,4095,0
25.5799,4095,0
25.5861,4095,0
25.5924,4095,0
25.5986,4095,0
25.6049,4095,0
25.6111,4095,0
25.6175,4095,0
25.6236,4095,0
25.6299,4095,0
25.6361,4095,0
25.6424,4095,0
25.6486,4095,0
25.6548,4095,0
25.6611,4095,0
25.6674,4095,0
25.6736,4095,0
25.6799,4095,0
25.6861,4095,0
25.6925,4095,0
25.6986,4095,0
25.7049,4095,0
25.7111,4095,0
25.7174,4095,0
25.7236,4095,0
25.7299,4095,0
25.7361,4095,0
25.7425,4095,0
25.7486,4095,0
25.7549,4095,0
25.7611,4095,0
25.7675,4095,0
25.7736,4095,0
25.7798,4095,0
25.7861,4095,0
25.7924,4095,0
25.7986,4095,0
25.8048,4095,0
25.8111,4095,0
25.8175,4095,0
25.8236,4095,0
25.8299,4095,0
25.8361,4095,0
25.8424,4095,0
25.8486,4095,0
25.8549,4095,0
25.8611,4095,0
25.8674,4095,0
25.8736,4095,0
25.8798,4095,0
25.8861,4095,0
25.8925,4095,0
25.8986,4095,0
25.9048,4095,0
25.9111,4095,0
25.9175,4095,0
25.9236,4095,0
25.9298,4095,0
25.9361,4095,0
25.9424,4095,0
25.9486,4095,0
25.9548,4095,0
25.9611,4095,0
25.9675,4095,0
25.9736,4095,0
25.9799,4095,0
25.9861,4095,0
25.9924,4095,0
25.9986,4095,0
26.0048,4095,0
26.0111,4095,0
26.0174,4095,0
26.0236,4095,0
26.0298,4095,0
26.0361,4095,0
26.0424,4095,0
26.0486,4095,0
26.0548,4095,0
26.0611,4095,0
26.0674,4095,0
26.0736,4095,0
26.0798,4095,0
26.0861,4095,0
26.0925,4095,0
26.0986,4095,0
26.1048,4095,0
26.1111,4095,0
26.1175,4095,0
26.1236,4095,0
26.1298,4095,0
26.1361,4095,0
26.1424,4095,0
26.1486,4095,0
26.1549,4095,0
26.1611,4095,0
26.1675,4095,0
26.1736,4095,0
26.1799,4095,0
26.1861,4095,0
26.1924,4095,0
26.1986,4095,0
26.2049,4095,0
26.2111,4095,0
26.2175,4095,0
26.2236,4095,0
26.2298,4095,0
26.2361,4095,0
26.2425,4095,0
26.2486,4095,0
26.2548,4095,0
26.2611,4095,0
26.2674,4095,0
26.2736,4095,0
26.2799,4095,0
26.2861,4095,0
26.2925,4095,0
26.2986,4095,0
26.3048,4095,0
26.3111,4095,0
26.3174,4095,0
26.3236,4095,0
26.3298,4095,0
26.3361,4095,0
26.3425,4095,0
26.3486,4095,0
26.3548,4095,0
26.3611,4095,0
26.3675,4095,0
26.3736,4095,0
26.3798,4095,0
26.3861,4095,0
26.3925,4095,0
26.3986,4095,0
26.4048,4095,0
26.4111,4095,0
26.4174,4095,0
26.4236,4095,0
26.4298,4095,0
26.4361,4095,0
26.4424,4095,0
26.4486,4095,0
26.4548,4095,0
26.4611,4095,0
26.4674,4095,0
26.4736,4095,0
26.4798,4095,0
26.4861,4095,0
26.4924,4095,0
26.4986,4095,0
26.5048,4095,0
26.5111,4095,0
26.5174,4095,0
26.5236,4095,0
26.53,4095,0
26.5361,4095,0
26.5424,4095,0
26.5486,4095,0
26.5548,4095,0
26.5611,4095,0
26.5673,4095,0
26.5736,4095,0
26.5798,4095,0
26.5861,4095,0
26.5925,4095,0
26.5985,4095,0
26.6048,4095,0
26.6111,4095,0
26.6174,4095,0
26.6236,4095,0
26.6298,4095,0
26.6361,4095,0
26.6424,4095,0
26.6486,4095,0
26.6548,4095,0
26.6611,4095,0
26.6674,4095,0
26.6735,4095,0
26.6798,4095,0
26.6861,4095,0
26.6924,4095,0
26.6986,4095,0
26.7048,4095,0
26.7111,4095,0
26.7174,4095,0
26.7236,4095,0
26.7298,4095,0
26.7361,4095,0
26.7424,4095,0
26.7486,4095,0
26.7548,4095,0
26.7611,4095,0
26.7674,4095,0
26.7736,4095,0
26.7798,4095,0
26.7861,4095,0
26.7924,4095,0
26.7986,4095,0
26.8048,4095,0
26.811,4095,0
26.8174,4095,0
26.8236,4095,0
26.8298,4095,0
26.836,4095,0
26.8424,4095,0
26.8485,4095,0
26.8548,4095,0
26.8611,4095,0
26.8674,4095,0
26.8735,4095,0
26.8798,4095,0
26.8861,4095,0
26.8924,4095,0
26.8985,4095,0
26.9048,4095,0
26.9111,4095,0
26.9174,4095,0
26.9235,4095,0
26.9298,4095,0
26.9361,4095,0
26.9424,4095,0
26.9486,4095,0
26.9548,4095,0
26.961,4095,0
26.9674,4095,0
26.9736,4095,0
26.9798,4095,0
26.986,4095,0
26.9924,4095,0
26.9986,4095,0
27.0048,4095,0
27.011,4095,0
27.0174,4095,0
27.0237,4095,0
27.0298,4095,0
27.036,4095,0
27.0423,4095,0
27.0485,4095,0
27.0548,4095,0
27.0611,4095,0
27.0673,4095,0
27.0735,4095,0
27.0798,4095,0
27.086,4095,0
27.0922,4095,0
27.0985,4095,0
27.1048,4095,0
27.111,4095,0
27.1173,4095,0
27.1235,4095,0
27.1298,4095,0
27.1361,4095,0
27.1423,4095,0
27.1486,4095,0
27.1548,4095,0
27.161,4095,0
27.1673,4095,0
27.1736,4095,0
27.1798,4095,0
27.186,4095,0
27.1924,4095,0
27.1985,4095,0
27.2048,4095,0
27.211,4095,0
27.2174,4095,0
27.2235,4095,0
27.2298,4095,0
27.236,4095,0
27.2424,4095,0
27.2485,4095,0
27.2548,4095,0
27.261,4095,0
27.2674,4095,0
27.2735,4095,0
27.2798,4095,0
27.286,4095,0
27.2922,4095,0
27.2985,4095,0
27.3048,4095,0
27.311,4095,0
27.3174,4095,0
27.3235,4095,0
27.3297,4095,0
27.336,4095,0
27.3423,4095,0
27.3485,4095,0
27.3548,4095,0
27.361,4095,0
27.3672,4095,0
27.3735,4095,0
27.3798,4095,0
27.386,4095,0
27.3922,4095,0
27.3985,4095,0
27.4049,4095,0
27.411,4095,0
27.4173,4095,0
27.4235,4095,0
27.4297,4095,0
27.436,4095,0
27.4423,4095,0
27.4485,4095,0
27.4547,4095,0
27.461,4095,0
27.4672,4095,0
27.4735,4095,0
27.4798,4095,0
27.486,4095,0
27.4922,4095,0
27.4985,4095,0
27.5047,4095,0
27.511,4095,0
27.5173,4095,0
27.5235,4095,0
27.5298,4095,0
27.536,4095,0
27.5422,4095,0
27.5485,4095,0
27.5548,4095,0
27.561,4095,0
27.5673,4095,0
27.5735,4095,0
27.5798,4095,0
27.586,4095,0
27.5922,4095,0
27.5985,4095,0
27.6048,4095,0
27.611,4095,0
27.6173,4095,0
27.6235,4095,0
27.6298,4095,0
27.636,4095,0
27.6423,4095,0
27.6485,4095,0
27.6547,4095,0
27.661,4095,0
27.6673,4095,0
27.6735,4095,0
27.6798,4095,0
27.686,4095,0
27.6923,4095,0
27.6985,4095,0
27.7048,4095,0
27.7111,4095,0
27.7173,4095,0
27.7235,4095,0
27.7298,4095,0
27.736,4095,0
27.7423,4095,0
27.7485,4095,0
27.7547,4095,0
27.761,4095,0
27.7673,4095,0
27.7735,4095,0
27.7798,4095,0
27.786,4095,0
27.7923,4095,0
27.7985,4095,0
27.8047,4095,0
27.811,4095,0
27.8172,4095,0
27.8235,4095,0
27.8299,4095,0
27.836,4095,0
27.8422,4095,0
27.8485,4095,0
27.8547,4095,0
27.861,4095,0
27.8672,4095,0
27.8735,4095,0
27.8797,4095,0
27.886,4095,0
27.8922,4095,0
27.8985,4095,0
27.9047,4095,0
27.911,4095,0
27.9173,4095,0
27.9235,4095,0
27.9297,4095,0
27.936,4095,0
27.9422,4095,0
27.9485,4095,0
27.9547,4095,0
27.961,4095,0
27.9673,4095,0
27.9735,4095,0
27.9797,4095,0
27.986,4095,0
27.9923,4095,0
27.9985,4095,0
28.0047,4095,0
28.011,4095,0
28.0173,1280,0
28.0235,1275,0
28.0297,1275,0
28.036,1270,0
28.0422,1269,0
28.0485,1267,0
28.0547,1269,0
28.061,1266,0
28.0672,1265,0
28.0735,1269,0
28.0798,1270,0
28.086,1274,0
28.0923,1273,0
28.0985,1277,0
28.1047,1269,0
28.111,1278,0
28.1172,1278,0
28.1235,1278,0
28.1297,1280,0
28.136,1287,0
28.1423,3419,0
28.1485,3403,0
28.1547,3394,0
28.161,3387,0
28.1673,3376,0
28.1735,3359,0
28.1798,3362,0
28.186,3357,0
28.1922,3346,0
28.1985,3344,0
28.2048,3337,0
28.211,3331,0
28.2173,3332,0
28.2235,3329,0
28.2298,3318,0
28.236,3325,0
28.2423,3322,0
28.2485,3313,0
28.2547,3312,0
28.261,3310,0
28.2672,3035,0
28.2735,3029,0
28.2798,3024,0
28.286,3019,0
28.2922,3014,0
28.2985,3001,0
28.3048,2999,0
28.311,2992,0
28.3172,2991,0
28.3236,2981,0
28.3297,2978,0
28.336,2974,0
28.3422,2971,0
28.3485,2968,0
28.3547,2960,0
28.361,2961,0
28.3672,2960,0
28.3735,2960,0
28.3797,2958,0
28.386,2957,0
28.3922,3107,0
28.3985,3095,0
28.4047,3089,0
28.411,3088,0
28.4172,3085,0
28.4235,3079,0
28.4297,3069,0
28.436,3060,0
28.4422,3056,0
28.4485,3051,0
28.4547,3043,0
28.461,3038,0
28.4672,3035,0
28.4735,3027,0
28.4797,3024,0
28.486,3024,0
28.4922,3023,0
28.4985,3022,0
28.5049,3020,0
28.511,3034,0
28.5172,3045,0
28.5235,3039,0
28.5297,3028,0
28.536,3029,0
28.5422,3017,0
28.5485,3021,0
28.5547,3015,0
28.561,3008,0
28.5672,3005,0
28.5735,2998,0
28.5797,2992,0
28.586,2987,0
28.5922,2981,0
28.5985,2975,0
28.6047,2966,0
28.6109,2963,0
28.6172,2960,0
28.6235,2961,0
28.6297,2963,0
28.6359,2960,0
28.6422,3098,0
28.6485,3094,0
28.6547,3088,0
28.661,3088,0
28.6672,3085,0
28.6735,3071,0
28.6797,3066,0
28.686,3058,0
28.6922,3055,0
28.6985,3045,0
28.7047,3042,0
28.711,3037,0
28.7172,3034,0
28.7235,3027,0
28.7297,3022,0
28.7359,3032,0
28.7422,3018,0
28.7486,3013,0
28.7547,3012,0
28.761,3011,0
28.7672,3056,0
28.7735,3056,0
28.7797,3047,0
28.7859,3041,0
28.7922,3039,0
28.7985,3033,0
28.8047,3029,0
28.8109,3026,0
28.8172,3024,0
28.8235,3019,0
28.8297,3012,0
28.836,3008,0
28.8422,3005,0
28.8484,2996,0
28.8547,2989,0
28.861,2992,0
28.8672,2991,0
28.8735,2988,0
28.8797,2981,0
28.8859,2978,0
28.8922,3038,0
28.8984,3029,0
28.9047,3024,0
28.9109,3020,0
28.9172,3018,0
28.9235,3010,0
28.9297,3006,0
28.9359,3002,0
28.9422,2995,0
28.9485,2991,0
28.9547,2991,0
28.9609,2979,0
28.9672,2978,0
28.9734,2975,0
28.9797,2960,0
28.9859,2963,0
28.9922,2960,0
28.9985,2959,0
29.0047,2955,0
29.0109,2952,0
29.0172,3051,0
29.0235,3049,0
29.0297,3042,0
29.0359,3039,0
29.0422,3030,0
29.0485,3024,0
29.0547,3024,0
29.0609,3022,0
29.0672,3015,0
29.0735,3013,0
29.0797,3007,0
29.0859,3003,0
29.0922,2999,0
29.0985,2994,0
29.1047,2982,0
29.1109,2986,0
29.1172,2983,0
29.1235,2977,0
29.1297,2975,0
29.1359,2972,0
29.1422,2992,0
29.1485,2989,0
29.1547,2977,0
29.1609,2977,0
29.1672,2973,0
29.1735,2970,0
29.1797,2965,0
29.1859,2961,0
29.1922,2958,0
29.1984,2954,0
29.2047,2947,0
29.2109,2946,0
29.2172,2946,0
29.2235,2938,0
29.2297,2925,0
29.2359,2928,0
29.2422,2924,0
29.2485,2916,0
29.2547,2915,0
29.2609,2911,0
29.2671,2969,0
29.2735,2965,0
29.2797,2953,0
29.2859,2956,0
29.2922,2950,0
29.2984,2946,0
29.3047,2941,0
29.3109,2954,0
29.3172,2934,0
29.3235,2928,0
29.3297,2928,0
29.3359,2971,0
29.3422,2921,0
29.3485,2917,0
29.3547,2903,0
29.3609,2907,0
29.3672,2902,0
29.3734,2896,0
29.3797,2894,0
29.3859,2890,0
29.3922,2961,0
29.3985,2958,0
29.4047,2954,0
29.4109,2948,0
29.4171,2944,0
29.4235,2941,0
29.4297,2942,0
29.4359,2931,0
29.4422,2928,0
29.4484,2927,0
29.4546,2922,0
29.4609,2917,0
29.4672,2914,0
29.4735,2909,0
29.4797,2898,0
29.4859,2902,0
29.4922,2896,0
29.4985,2896,0
29.5047,2892,0
29.5109,2886,0
29.5172,2960,0
29.5235,2955,0
29.5297,2949,0
29.5359,2944,0
29.5422,2940,0
29.5485,2935,0
29.5547,2934,0
29.5609,2928,0
29.5672,2926,0
29.5735,2921,0
29.5797,2918,0
29.5859,2915,0
29.5922,2912,0
29.5985,2910,0
29.6046,2897,0
29.6109,2913,0
29.6172,2897,0
29.6235,2893,0
29.6297,2891,0
29.6359,2883,0
29.6422,2960,0
29.6485,2953,0
29.6547,2943,0
